date,temperature,humidity,light,soil,air
2019/10/24 16:18:54,10.00,51.00,46.00,68,974
2019/10/24 16:18:54,10.00,51.00,120.00,68,974
2019/10/24 16:18:55,10.00,51.00,136.00,69,975
2019/10/24 16:18:56,10.00,51.00,140.00,69,975
2019/10/24 16:18:56,10.00,51.00,154.00,68,975
2019/10/24 16:18:57,10.00,51.00,176.00,69,975
2019/10/24 16:18:58,10.00,51.00,158.00,69,976
2019/10/24 16:18:58,10.00,51.00,183.00,68,976
2019/10/24 16:18:59,10.00,50.00,133.00,69,976
2019/10/24 16:18:59,10.00,50.00,1318.00,69,977
2019/10/24 16:19:0,10.00,50.00,1710.00,69,976
2019/10/24 16:19:1,10.00,50.00,1478.00,69,974
2019/10/24 16:19:1,10.00,50.00,1686.00,71,973
2019/10/24 16:19:2,10.00,50.00,1538.00,69,966
2019/10/24 16:19:3,10.00,50.00,1610.00,70,972
2019/10/24 16:19:3,10.00,50.00,1558.00,69,964
2019/10/24 16:19:4,10.00,50.00,1618.00,70,968
2019/10/24 16:19:5,10.00,50.00,1607.00,70,964
2019/10/24 16:19:5,10.00,50.00,1621.00,70,970
2019/10/24 16:19:6,10.00,50.00,1629.00,71,971
2019/10/24 16:19:7,10.00,50.00,1542.00,71,970
2019/10/24 16:19:7,10.00,50.00,1557.00,71,966
2019/10/24 16:19:8,10.00,50.00,1545.00,71,968
2019/10/24 16:19:9,10.00,50.00,1498.00,72,970
2019/10/24 16:19:9,10.00,50.00,1525.00,72,966
2019/10/24 16:19:10,10.00,50.00,1507.00,72,967
2019/10/24 16:19:11,10.00,50.00,1489.00,72,969
2019/10/24 16:19:11,10.00,50.00,1503.00,72,971
2019/10/24 16:19:12,10.00,50.00,1490.00,72,967
2019/10/24 16:19:12,10.00,50.00,1523.00,72,973
2019/10/24 16:19:13,10.00,50.00,1550.00,72,970
2019/10/24 16:19:14,10.00,50.00,1590.00,72,973
2019/10/24 16:19:14,10.00,50.00,1564.00,72,974
2019/10/24 16:19:15,10.00,50.00,1523.00,72,971
2019/10/24 16:19:16,10.00,50.00,1502.00,72,974
2019/10/24 16:19:16,10.00,50.00,1405.00,72,969
2019/10/24 16:19:17,10.00,50.00,1318.00,72,963
2019/10/24 16:19:18,10.00,50.00,1460.00,72,970
2019/10/24 16:19:18,10.00,50.00,1548.00,72,972
2019/10/24 16:19:19,10.00,50.00,1531.00,73,972
2019/10/24 16:19:20,10.00,50.00,1603.00,73,973
2019/10/24 16:19:20,10.00,50.00,1592.00,73,976
2019/10/24 16:19:21,10.00,50.00,1723.00,72,967
2019/10/24 16:19:22,10.00,50.00,1608.00,72,969
2019/10/24 16:19:22,10.00,50.00,1970.00,73,974
2019/10/24 16:19:23,10.00,50.00,1572.00,73,974
2019/10/24 16:19:24,10.00,50.00,1504.00,73,974
2019/10/24 16:19:24,10.00,50.00,1559.00,73,974
2019/10/24 16:19:25,10.00,50.00,1738.00,73,975
2019/10/24 16:19:25,10.00,50.00,1894.00,73,975
2019/10/24 16:19:26,10.00,50.00,1602.00,73,976
2019/10/24 16:19:27,10.00,50.00,1522.00,73,974
2019/10/24 16:19:27,10.00,50.00,1369.00,73,941
2019/10/24 16:19:28,10.00,50.00,1535.00,73,976
2019/10/24 16:19:29,10.00,50.00,1703.00,72,977
2019/10/24 16:19:29,10.00,50.00,1620.00,73,979
2019/10/24 16:19:30,10.00,50.00,1790.00,73,979
2019/10/24 16:19:31,10.00,50.00,1733.00,73,980
2019/10/24 16:19:31,10.00,50.00,1874.00,73,979
2019/10/24 16:19:32,10.00,50.00,1809.00,73,978
2019/10/24 16:19:33,10.00,50.00,1681.00,73,979
2019/10/24 16:19:33,10.00,50.00,1729.00,73,979
2019/10/24 16:19:34,10.00,50.00,1775.00,73,980
2019/10/24 16:19:35,10.00,50.00,1743.00,73,980
2019/10/24 16:19:35,10.00,50.00,1812.00,73,980
2019/10/24 16:19:36,10.00,50.00,1758.00,73,980
2019/10/24 16:19:37,10.00,50.00,1753.00,73,980
2019/10/24 16:19:37,10.00,50.00,1707.00,73,980
2019/10/24 16:19:38,10.00,50.00,1767.00,73,980
2019/10/24 16:19:39,10.00,50.00,1745.00,73,980
2019/10/24 16:19:39,10.00,50.00,1777.00,73,980
2019/10/24 16:19:40,10.00,50.00,1795.00,73,981
2019/10/24 16:19:40,10.00,50.00,1586.00,73,980
2019/10/24 16:19:41,10.00,50.00,1567.00,73,980
2019/10/24 16:19:42,10.00,50.00,1683.00,73,980
2019/10/24 16:19:42,10.00,50.00,1817.00,73,980
2019/10/24 16:19:43,10.00,50.00,1655.00,73,980
2019/10/24 16:19:44,10.00,50.00,1697.00,73,981
2019/10/24 16:19:44,10.00,50.00,1663.00,72,980
2019/10/24 16:19:45,10.00,50.00,1609.00,73,980
2019/10/24 16:19:46,10.00,50.00,1569.00,73,980
2019/10/24 16:19:46,10.00,50.00,1614.00,73,980
2019/10/24 16:19:47,10.00,50.00,1496.00,73,980
2019/10/24 16:19:48,10.00,50.00,1592.00,73,980
2019/10/24 16:19:48,10.00,50.00,1596.00,73,980
2019/10/24 16:19:49,10.00,50.00,1534.00,73,980
2019/10/24 16:19:50,10.00,50.00,1451.00,73,980
2019/10/24 16:19:50,10.00,50.00,1411.00,72,980
2019/10/24 16:19:51,10.00,50.00,1371.00,73,980
2019/10/24 16:19:52,10.00,50.00,1356.00,73,973
2019/10/24 16:19:52,10.00,50.00,1375.00,73,975
2019/10/24 16:19:53,10.00,50.00,1374.00,73,975
2019/10/24 16:19:53,10.00,50.00,1419.00,72,975
2019/10/24 16:19:54,10.00,50.00,1423.00,73,976
2019/10/24 16:19:55,10.00,50.00,1339.00,73,976
2019/10/24 16:19:55,10.00,50.00,1239.00,73,977
2019/10/24 16:19:56,10.00,50.00,1356.00,73,975
2019/10/24 16:19:57,10.00,50.00,1442.00,73,978
2019/10/24 16:19:57,10.00,50.00,1366.00,72,976
2019/10/24 16:19:58,10.00,50.00,1353.00,72,973
2019/10/24 16:19:59,10.00,50.00,1353.00,73,975
2019/10/24 16:19:59,10.00,50.00,1166.00,72,975
2019/10/24 16:20:0,10.00,50.00,1159.00,72,973
2019/10/24 16:20:1,10.00,50.00,1154.00,73,976
2019/10/24 16:20:1,10.00,50.00,1173.00,72,973
2019/10/24 16:20:2,10.00,50.00,1378.00,72,977
2019/10/24 16:20:3,10.00,50.00,1268.00,72,974
2019/10/24 16:20:3,10.00,50.00,1197.00,71,976
2019/10/24 16:20:4,10.00,50.00,1259.00,72,976
2019/10/24 16:20:5,10.00,50.00,1168.00,71,974
2019/10/24 16:20:5,10.00,50.00,1253.00,72,977
2019/10/24 16:20:6,10.00,50.00,1223.00,72,979
2019/10/24 16:20:7,10.00,50.00,1180.00,72,979
2019/10/24 16:20:7,10.00,50.00,1255.00,72,974
2019/10/24 16:20:8,10.00,50.00,1206.00,72,975
2019/10/24 16:20:8,10.00,50.00,1227.00,72,974
2019/10/24 16:20:9,10.00,50.00,1036.00,72,976
2019/10/24 16:20:10,10.00,50.00,1084.00,72,979
2019/10/24 16:20:10,10.00,50.00,1253.00,73,980
2019/10/24 16:20:11,10.00,50.00,1220.00,73,981
2019/10/24 16:20:12,10.00,50.00,1229.00,73,981
2019/10/24 16:20:12,10.00,50.00,1218.00,72,981
2019/10/24 16:20:13,10.00,50.00,1190.00,73,981
2019/10/24 16:20:14,10.00,50.00,1186.00,73,981
2019/10/24 16:20:14,10.00,50.00,1181.00,73,980
2019/10/24 16:20:15,10.00,50.00,1154.00,73,980
2019/10/24 16:20:16,10.00,50.00,1171.00,73,980
2019/10/24 16:20:16,10.00,50.00,1173.00,73,980
2019/10/24 16:20:17,10.00,50.00,1176.00,72,980
2019/10/24 16:20:18,10.00,50.00,1171.00,73,981
2019/10/24 16:20:18,10.00,50.00,1171.00,73,980
2019/10/24 16:20:19,10.00,50.00,1157.00,72,978
2019/10/24 16:20:20,10.00,50.00,1177.00,72,977
2019/10/24 16:20:20,10.00,50.00,1186.00,72,977
2019/10/24 16:20:21,10.00,50.00,1209.00,72,979
2019/10/24 16:20:21,10.00,50.00,1240.00,72,978
2019/10/24 16:20:22,10.00,50.00,1163.00,72,978
2019/10/24 16:20:23,10.00,50.00,1191.00,72,978
2019/10/24 16:20:23,10.00,50.00,1166.00,73,979
2019/10/24 16:20:24,10.00,50.00,1153.00,72,982
2019/10/24 16:20:25,10.00,50.00,1129.00,72,982
2019/10/24 16:20:25,10.00,50.00,1112.00,72,982
2019/10/24 16:20:26,10.00,50.00,1055.00,72,982
2019/10/24 16:20:27,10.00,50.00,1091.00,73,982
2019/10/24 16:20:27,10.00,50.00,1058.00,73,981
2019/10/24 16:20:28,10.00,50.00,1063.00,72,976
2019/10/24 16:20:29,10.00,50.00,1058.00,72,976
2019/10/24 16:20:29,10.00,50.00,1088.00,72,975
2019/10/24 16:20:30,10.00,50.00,1035.00,73,981
2019/10/24 16:20:31,10.00,50.00,1032.00,72,977
2019/10/24 16:20:31,10.00,50.00,1026.00,72,982
2019/10/24 16:20:32,10.00,50.00,1026.00,72,982
2019/10/24 16:20:33,10.00,50.00,1049.00,73,982
2019/10/24 16:20:33,10.00,50.00,1050.00,72,981
2019/10/24 16:20:34,10.00,50.00,1061.00,73,982
2019/10/24 16:20:34,10.00,50.00,1046.00,73,981
2019/10/24 16:20:35,10.00,50.00,1025.00,73,981
2019/10/24 16:20:36,10.00,50.00,1015.00,73,982
2019/10/24 16:20:36,10.00,50.00,1026.00,73,981
2019/10/24 16:20:37,10.00,50.00,1002.00,73,982
2019/10/24 16:20:38,10.00,50.00,1040.00,73,981
2019/10/24 16:20:38,10.00,50.00,1018.00,73,982
2019/10/24 16:20:39,10.00,50.00,1025.00,73,981
2019/10/24 16:20:40,10.00,50.00,1034.00,73,982
2019/10/24 16:20:40,9.00,50.00,1037.00,73,982
2019/10/24 16:20:41,9.00,50.00,1039.00,72,981
2019/10/24 16:20:42,9.00,50.00,1014.00,72,981
2019/10/24 16:20:42,9.00,50.00,1070.00,73,981
2019/10/24 16:20:43,9.00,50.00,1090.00,73,981
2019/10/24 16:20:44,9.00,50.00,1127.00,73,981
2019/10/24 16:20:44,9.00,50.00,1167.00,73,982
2019/10/24 16:20:45,9.00,50.00,1109.00,73,982
2019/10/24 16:20:46,9.00,50.00,1211.00,72,981
2019/10/24 16:20:46,9.00,50.00,1198.00,73,981
2019/10/24 16:20:47,9.00,50.00,1136.00,73,981
2019/10/24 16:20:47,9.00,50.00,1135.00,73,981
2019/10/24 16:20:48,9.00,50.00,1092.00,73,981
2019/10/24 16:20:49,9.00,50.00,1102.00,73,982
2019/10/24 16:20:49,9.00,50.00,1051.00,73,981
2019/10/24 16:20:50,9.00,50.00,1077.00,73,981
2019/10/24 16:20:51,9.00,50.00,1039.00,73,981
2019/10/24 16:20:51,9.00,50.00,939.00,72,981
2019/10/24 16:20:52,9.00,50.00,998.00,72,981
2019/10/24 16:20:53,9.00,50.00,971.00,72,979
2019/10/24 16:20:53,9.00,50.00,973.00,72,978
2019/10/24 16:20:54,9.00,50.00,976.00,73,978
2019/10/24 16:20:55,9.00,50.00,963.00,72,978
2019/10/24 16:20:55,9.00,50.00,1024.00,72,981
2019/10/24 16:20:56,9.00,50.00,1011.00,73,981
2019/10/24 16:20:57,9.00,50.00,961.00,73,981
2019/10/24 16:20:57,9.00,50.00,977.00,73,982
2019/10/24 16:20:58,9.00,50.00,996.00,72,980
2019/10/24 16:20:58,9.00,50.00,955.00,72,981
2019/10/24 16:20:59,9.00,50.00,936.00,73,980
2019/10/24 16:21:0,9.00,50.00,948.00,73,981
2019/10/24 16:21:0,9.00,50.00,992.00,72,981
2019/10/24 16:21:1,9.00,50.00,999.00,72,980
2019/10/24 16:21:2,9.00,50.00,1009.00,72,981
2019/10/24 16:21:2,9.00,50.00,944.00,72,981
2019/10/24 16:21:3,9.00,50.00,965.00,72,981
2019/10/24 16:21:4,9.00,50.00,973.00,73,981
2019/10/24 16:21:4,9.00,50.00,933.00,72,981
2019/10/24 16:21:5,9.00,50.00,964.00,72,981
2019/10/24 16:21:6,9.00,50.00,903.00,72,981
2019/10/24 16:21:6,9.00,50.00,966.00,72,979
2019/10/24 16:21:7,9.00,50.00,965.00,72,975
2019/10/24 16:21:8,9.00,50.00,986.00,72,979
2019/10/24 16:21:8,9.00,50.00,1003.00,72,979
2019/10/24 16:21:9,9.00,50.00,965.00,72,978
2019/10/24 16:21:10,9.00,50.00,1028.00,72,979
2019/10/24 16:21:10,9.00,50.00,1027.00,72,979
2019/10/24 16:21:11,9.00,50.00,1051.00,72,978
2019/10/24 16:21:11,9.00,50.00,1033.00,72,979
2019/10/24 16:21:12,9.00,50.00,1019.00,73,980
2019/10/24 16:21:13,9.00,50.00,1056.00,72,980
2019/10/24 16:21:13,9.00,50.00,1041.00,72,980
2019/10/24 16:21:14,9.00,50.00,1052.00,72,980
2019/10/24 16:21:15,9.00,50.00,1094.00,72,980
2019/10/24 16:21:15,9.00,50.00,1129.00,72,980
2019/10/24 16:21:16,9.00,50.00,1158.00,72,981
2019/10/24 16:21:17,9.00,50.00,1138.00,72,981
2019/10/24 16:21:17,9.00,50.00,1082.00,72,982
2019/10/24 16:21:18,9.00,50.00,1070.00,72,981
2019/10/24 16:21:19,9.00,50.00,1220.00,72,981
2019/10/24 16:21:19,9.00,50.00,1139.00,72,981
2019/10/24 16:21:20,9.00,50.00,1158.00,72,981
2019/10/24 16:21:21,9.00,50.00,1149.00,73,981
2019/10/24 16:21:21,9.00,50.00,1174.00,72,980
2019/10/24 16:21:22,9.00,50.00,1245.00,72,980
2019/10/24 16:21:23,9.00,50.00,1230.00,73,980
2019/10/24 16:21:23,9.00,50.00,1065.00,73,980
2019/10/24 16:21:24,9.00,50.00,338.00,72,975
2019/10/24 16:21:24,9.00,50.00,363.00,72,973
2019/10/24 16:21:25,9.00,50.00,273.00,74,980
2019/10/24 16:21:26,9.00,50.00,183.00,73,977
2019/10/24 16:21:26,9.00,50.00,338.00,73,977
2019/10/24 16:21:27,9.00,50.00,404.00,73,979
2019/10/24 16:21:28,9.00,50.00,872.00,73,977
2019/10/24 16:21:28,9.00,50.00,1015.00,73,978
2019/10/24 16:21:29,9.00,50.00,1142.00,73,978
2019/10/24 16:21:30,9.00,50.00,705.00,73,978
2019/10/24 16:21:30,9.00,50.00,655.00,73,975
2019/10/24 16:21:31,9.00,50.00,331.00,72,974
2019/10/24 16:21:32,9.00,50.00,512.00,73,976
2019/10/24 16:21:32,9.00,50.00,294.00,73,974
2019/10/24 16:21:33,9.00,50.00,269.00,73,977
2019/10/24 16:21:34,9.00,50.00,250.00,73,978
2019/10/24 16:21:34,9.00,50.00,274.00,73,977
2019/10/24 16:21:35,9.00,50.00,301.00,73,976
2019/10/24 16:21:35,9.00,50.00,246.00,73,977
2019/10/24 16:21:36,9.00,50.00,364.00,73,978
2019/10/24 16:21:37,9.00,50.00,357.00,73,977
2019/10/24 16:21:37,9.00,50.00,178.00,73,977
2019/10/24 16:21:38,9.00,50.00,180.00,73,977
2019/10/24 16:21:39,9.00,50.00,105.00,73,977
2019/10/24 16:21:39,9.00,50.00,108.00,73,978
2019/10/24 16:21:40,9.00,50.00,87.00,73,979
2019/10/24 16:21:41,9.00,50.00,81.00,73,978
2019/10/24 16:21:41,9.00,50.00,73.00,73,979
2019/10/24 16:21:42,9.00,50.00,55.00,73,979
2019/10/24 16:21:43,9.00,50.00,173.00,73,979
2019/10/24 16:21:43,9.00,50.00,112.00,73,979
2019/10/24 16:21:44,9.00,50.00,76.00,73,979
2019/10/24 16:21:45,9.00,50.00,146.00,73,976
2019/10/24 16:21:45,9.00,50.00,104.00,73,976
2019/10/24 16:21:46,9.00,50.00,138.00,73,976
2019/10/24 16:21:46,9.00,50.00,169.00,72,976
2019/10/24 16:21:47,9.00,50.00,167.00,73,976
2019/10/24 16:21:48,9.00,50.00,192.00,73,976
2019/10/24 16:21:48,9.00,50.00,178.00,73,976
2019/10/24 16:21:49,9.00,50.00,149.00,73,976
2019/10/24 16:21:50,9.00,50.00,154.00,73,976
2019/10/24 16:21:50,9.00,50.00,202.00,73,976
2019/10/24 16:21:51,9.00,50.00,721.00,73,975
2019/10/24 16:21:52,9.00,50.00,923.00,73,976
2019/10/24 16:21:52,9.00,50.00,409.00,73,975
2019/10/24 16:21:53,10.00,50.00,301.00,72,973
2019/10/24 16:21:54,10.00,50.00,182.00,72,969
2019/10/24 16:21:54,10.00,50.00,231.00,73,975
2019/10/24 16:21:55,10.00,50.00,246.00,72,974
2019/10/24 16:21:55,9.00,50.00,300.00,72,976
2019/10/24 16:21:56,9.00,50.00,276.00,73,975
2019/10/24 16:21:57,9.00,50.00,246.00,72,971
2019/10/24 16:21:57,9.00,50.00,229.00,73,972
2019/10/24 16:21:58,9.00,50.00,235.00,72,974
2019/10/24 16:21:59,9.00,50.00,224.00,73,977
2019/10/24 16:21:59,9.00,50.00,221.00,73,978
2019/10/24 16:22:0,9.00,50.00,192.00,73,978
2019/10/24 16:22:1,9.00,50.00,313.00,73,978
2019/10/24 16:22:1,9.00,50.00,238.00,73,978
2019/10/24 16:22:2,9.00,50.00,238.00,73,979
2019/10/24 16:22:3,9.00,50.00,242.00,73,979
2019/10/24 16:22:3,9.00,50.00,275.00,73,978
2019/10/24 16:22:4,9.00,50.00,369.00,73,979
2019/10/24 16:22:5,9.00,50.00,334.00,73,978
2019/10/24 16:22:5,9.00,50.00,263.00,73,978
2019/10/24 16:22:6,9.00,50.00,407.00,73,978
2019/10/24 16:22:7,9.00,50.00,276.00,73,975
2019/10/24 16:22:7,9.00,50.00,297.00,73,976
2019/10/24 16:22:8,9.00,50.00,254.00,73,978
2019/10/24 16:22:8,10.00,50.00,216.00,73,981
2019/10/24 16:22:9,10.00,50.00,149.00,73,980
2019/10/24 16:22:10,10.00,50.00,191.00,73,978
2019/10/24 16:22:10,10.00,50.00,204.00,73,977
2019/10/24 16:22:11,9.00,50.00,270.00,73,974
2019/10/24 16:22:12,9.00,50.00,270.00,71,973
2019/10/24 16:22:12,9.00,50.00,294.00,72,974
2019/10/24 16:22:13,9.00,50.00,281.00,72,976
2019/10/24 16:22:14,9.00,50.00,414.00,73,977
2019/10/24 16:22:14,9.00,50.00,514.00,73,978
2019/10/24 16:22:15,9.00,50.00,470.00,73,978
2019/10/24 16:22:16,9.00,50.00,391.00,73,978
2019/10/24 16:22:16,9.00,50.00,237.00,73,978
2019/10/24 16:22:17,9.00,50.00,169.00,73,978
2019/10/24 16:22:18,9.00,50.00,204.00,73,977
2019/10/24 16:22:18,9.00,50.00,330.00,73,977
2019/10/24 16:22:19,9.00,50.00,200.00,73,978
2019/10/24 16:22:19,9.00,50.00,247.00,73,978
2019/10/24 16:22:20,9.00,50.00,285.00,73,979
2019/10/24 16:22:21,9.00,50.00,268.00,73,979
2019/10/24 16:22:21,9.00,50.00,310.00,73,977
2019/10/24 16:22:22,9.00,50.00,298.00,73,974
2019/10/24 16:22:23,9.00,50.00,344.00,73,977
2019/10/24 16:22:23,9.00,50.00,308.00,72,976
2019/10/24 16:22:24,9.00,50.00,282.00,71,979
2019/10/24 16:22:25,9.00,50.00,258.00,68,981
2019/10/24 16:22:25,9.00,50.00,229.00,66,981
2019/10/24 16:22:26,9.00,50.00,199.00,65,974
2019/10/24 16:22:27,9.00,50.00,169.00,64,982
2019/10/24 16:22:27,9.00,50.00,166.00,67,982
2019/10/24 16:22:28,9.00,50.00,182.00,68,982
2019/10/24 16:22:29,9.00,50.00,222.00,69,982
2019/10/24 16:22:29,9.00,51.00,229.00,69,982
2019/10/24 16:22:30,9.00,51.00,230.00,69,983
2019/10/24 16:22:30,9.00,51.00,190.00,69,982
2019/10/24 16:22:31,9.00,51.00,204.00,69,982
2019/10/24 16:22:32,9.00,51.00,752.00,69,980
2019/10/24 16:22:32,9.00,51.00,859.00,69,978
2019/10/24 16:22:33,9.00,51.00,1759.00,69,980
2019/10/24 16:22:34,9.00,51.00,1701.00,69,980
2019/10/24 16:22:34,9.00,51.00,1516.00,69,980
2019/10/24 16:22:35,9.00,51.00,548.00,68,981
2019/10/24 16:22:36,9.00,51.00,639.00,67,981
2019/10/24 16:22:36,9.00,51.00,663.00,68,976
2019/10/24 16:22:37,9.00,51.00,658.00,68,974
2019/10/24 16:22:38,9.00,51.00,596.00,68,973
2019/10/24 16:22:38,9.00,51.00,548.00,69,975
2019/10/24 16:22:39,9.00,51.00,530.00,69,976
2019/10/24 16:22:40,9.00,51.00,517.00,69,975
2019/10/24 16:22:40,9.00,51.00,444.00,69,975
2019/10/24 16:22:41,9.00,51.00,524.00,69,975
2019/10/24 16:22:41,9.00,51.00,621.00,69,976
2019/10/24 16:22:42,9.00,51.00,616.00,69,977
2019/10/24 16:22:43,9.00,51.00,567.00,69,977
2019/10/24 16:22:43,9.00,51.00,567.00,69,977
2019/10/24 16:22:44,9.00,51.00,470.00,69,976
2019/10/24 16:22:45,9.00,51.00,532.00,69,976
2019/10/24 16:22:45,9.00,51.00,477.00,69,976
2019/10/24 16:22:46,9.00,51.00,477.00,69,975
2019/10/24 16:22:47,9.00,51.00,823.00,69,977
2019/10/24 16:22:47,9.00,51.00,1040.00,68,973
2019/10/24 16:22:48,9.00,51.00,954.00,68,979
2019/10/24 16:22:49,9.00,51.00,1043.00,68,976
2019/10/24 16:22:49,9.00,51.00,838.00,69,973
2019/10/24 16:22:50,9.00,51.00,935.00,70,975
2019/10/24 16:22:51,9.00,51.00,813.00,69,973
2019/10/24 16:22:51,9.00,51.00,851.00,69,974
2019/10/24 16:22:52,9.00,51.00,857.00,70,976
2019/10/24 16:22:52,9.00,51.00,1561.00,69,973
2019/10/24 16:22:53,9.00,51.00,1571.00,69,972
2019/10/24 16:22:54,9.00,51.00,1571.00,68,971
2019/10/24 16:22:54,9.00,51.00,1571.00,69,973
2019/10/24 16:22:55,9.00,51.00,1589.00,69,974
2019/10/24 16:22:56,9.00,51.00,1571.00,70,974
2019/10/24 16:22:56,9.00,51.00,1589.00,70,975
2019/10/24 16:22:57,9.00,51.00,1589.00,70,975
2019/10/24 16:22:58,9.00,51.00,1589.00,70,975
2019/10/24 16:22:58,9.00,51.00,1589.00,70,976
2019/10/24 16:22:59,9.00,51.00,1600.00,71,975
2019/10/24 16:23:0,9.00,51.00,1600.00,70,975
2019/10/24 16:23:0,9.00,51.00,1600.00,70,976
2019/10/24 16:23:1,9.00,51.00,1629.00,70,976
2019/10/24 16:23:2,9.00,51.00,1612.00,70,975
2019/10/24 16:23:2,9.00,51.00,1641.00,70,976
2019/10/24 16:23:3,9.00,51.00,1652.00,70,976
2019/10/24 16:23:4,9.00,51.00,1623.00,70,975
2019/10/24 16:23:4,9.00,51.00,1659.00,70,976
2019/10/24 16:23:5,9.00,51.00,1659.00,70,976
2019/10/24 16:23:5,9.00,51.00,1681.00,70,976
2019/10/24 16:23:6,9.00,51.00,1704.00,70,976
2019/10/24 16:23:7,9.00,51.00,1668.00,70,976
2019/10/24 16:23:7,9.00,51.00,1680.00,70,976
2019/10/24 16:23:8,9.00,51.00,1680.00,70,976
2019/10/24 16:23:9,9.00,51.00,1709.00,71,976
2019/10/24 16:23:9,9.00,51.00,1709.00,70,976
2019/10/24 16:23:10,9.00,51.00,1720.00,70,975
2019/10/24 16:23:11,9.00,51.00,1720.00,70,976
2019/10/24 16:23:11,9.00,51.00,1732.00,70,976
2019/10/24 16:23:12,9.00,51.00,1766.00,70,976
2019/10/24 16:23:13,9.00,51.00,1777.00,70,976
2019/10/24 16:23:13,9.00,51.00,1743.00,70,976
2019/10/24 16:23:14,9.00,51.00,1761.00,70,976
2019/10/24 16:23:15,9.00,51.00,1772.00,70,976
2019/10/24 16:23:15,9.00,51.00,1754.00,70,976
2019/10/24 16:23:16,9.00,51.00,1772.00,70,975
2019/10/24 16:23:16,9.00,51.00,1761.00,70,976
2019/10/24 16:23:17,9.00,51.00,1761.00,70,975
2019/10/24 16:23:18,9.00,51.00,1779.00,70,975
2019/10/24 16:23:18,9.00,51.00,1779.00,70,975
2019/10/24 16:23:19,9.00,51.00,1767.00,70,975
2019/10/24 16:23:20,9.00,51.00,1785.00,70,975
2019/10/24 16:23:20,9.00,51.00,1785.00,70,975
2019/10/24 16:23:21,9.00,51.00,1785.00,70,975
2019/10/24 16:23:22,9.00,51.00,1803.00,70,975
2019/10/24 16:23:22,9.00,51.00,1803.00,70,974
2019/10/24 16:23:23,9.00,51.00,1821.00,70,975
2019/10/24 16:23:24,9.00,51.00,1839.00,70,974
2019/10/24 16:23:24,9.00,51.00,1839.00,70,974
2019/10/24 16:23:25,9.00,51.00,1810.00,70,974
2019/10/24 16:23:26,9.00,51.00,1857.00,70,974
2019/10/24 16:23:26,9.00,51.00,1834.00,70,974
2019/10/24 16:23:27,9.00,51.00,1863.00,70,974
2019/10/24 16:23:28,9.00,51.00,1863.00,70,974
2019/10/24 16:23:28,9.00,51.00,1863.00,70,974
2019/10/24 16:23:29,9.00,51.00,1870.00,70,974
2019/10/24 16:23:29,9.00,51.00,1858.00,70,974
2019/10/24 16:23:30,9.00,51.00,1876.00,70,974
2019/10/24 16:23:31,9.00,51.00,1858.00,70,974
2019/10/24 16:23:31,9.00,51.00,1865.00,70,974
2019/10/24 16:23:32,9.00,51.00,1865.00,70,973
2019/10/24 16:23:33,9.00,51.00,1865.00,70,973
2019/10/24 16:23:33,9.00,51.00,1882.00,70,973
2019/10/24 16:23:34,9.00,51.00,1900.00,70,974
2019/10/24 16:23:35,9.00,51.00,1900.00,70,973
2019/10/24 16:23:35,9.00,51.00,1918.00,70,973
2019/10/24 16:23:36,9.00,51.00,1936.00,70,973
2019/10/24 16:23:37,9.00,51.00,1936.00,70,973
2019/10/24 16:23:37,9.00,51.00,1954.00,70,973
2019/10/24 16:23:38,9.00,51.00,1972.00,70,973
2019/10/24 16:23:39,9.00,51.00,1972.00,70,973
2019/10/24 16:23:39,9.00,51.00,1989.00,70,973
2019/10/24 16:23:40,9.00,51.00,1989.00,70,973
2019/10/24 16:23:41,9.00,51.00,2007.00,70,973
2019/10/24 16:23:41,9.00,51.00,2007.00,70,973
2019/10/24 16:23:42,9.00,51.00,2025.00,70,973
2019/10/24 16:23:42,9.00,51.00,2007.00,70,973
2019/10/24 16:23:43,9.00,51.00,2043.00,70,972
2019/10/24 16:23:44,9.00,51.00,2043.00,70,973
2019/10/24 16:23:44,9.00,51.00,2049.00,70,972
2019/10/24 16:23:45,9.00,51.00,2049.00,70,973
2019/10/24 16:23:46,9.00,51.00,2049.00,70,972
2019/10/24 16:23:46,9.00,51.00,2079.00,70,972
2019/10/24 16:23:47,9.00,51.00,2085.00,70,972
2019/10/24 16:23:48,9.00,51.00,2121.00,70,972
2019/10/24 16:23:48,9.00,51.00,2121.00,70,972
2019/10/24 16:23:49,9.00,51.00,2139.00,70,972
2019/10/24 16:23:50,9.00,51.00,2139.00,70,972
2019/10/24 16:23:50,9.00,51.00,2139.00,70,971
2019/10/24 16:23:51,9.00,51.00,2156.00,70,971
2019/10/24 16:23:52,9.00,51.00,2145.00,70,971
2019/10/24 16:23:52,9.00,51.00,2163.00,70,971
2019/10/24 16:23:53,9.00,51.00,2199.00,70,971
2019/10/24 16:23:53,9.00,51.00,2187.00,70,971
2019/10/24 16:23:54,9.00,51.00,2223.00,70,971
2019/10/24 16:23:55,9.00,51.00,2223.00,70,971
2019/10/24 16:23:55,9.00,51.00,2247.00,71,971
2019/10/24 16:23:56,9.00,51.00,2265.00,70,971
2019/10/24 16:23:57,9.00,51.00,2265.00,70,971
2019/10/24 16:23:57,9.00,52.00,2265.00,70,971
2019/10/24 16:23:58,9.00,52.00,2265.00,70,971
2019/10/24 16:23:59,9.00,52.00,2254.00,70,970
2019/10/24 16:23:59,9.00,52.00,2272.00,70,970
2019/10/24 16:24:0,9.00,51.00,2272.00,70,971
2019/10/24 16:24:1,9.00,51.00,2260.00,70,970
2019/10/24 16:24:1,9.00,51.00,2278.00,70,970
2019/10/24 16:24:2,9.00,51.00,2296.00,70,971
2019/10/24 16:24:3,9.00,52.00,2296.00,70,970
2019/10/24 16:24:3,9.00,52.00,2284.00,70,970
2019/10/24 16:24:4,9.00,52.00,2284.00,70,970
2019/10/24 16:24:5,9.00,52.00,2302.00,70,971
2019/10/24 16:24:5,9.00,52.00,2291.00,70,970
2019/10/24 16:24:6,9.00,52.00,2309.00,70,970
2019/10/24 16:24:6,9.00,52.00,2309.00,70,970
2019/10/24 16:24:7,9.00,52.00,2327.00,70,970
2019/10/24 16:24:8,9.00,52.00,2315.00,70,970
2019/10/24 16:24:8,9.00,52.00,2333.00,70,970
2019/10/24 16:24:9,9.00,52.00,2333.00,70,970
2019/10/24 16:24:10,9.00,52.00,2322.00,70,970
2019/10/24 16:24:10,9.00,52.00,2322.00,70,970
2019/10/24 16:24:11,9.00,52.00,2322.00,70,971
2019/10/24 16:24:12,9.00,52.00,2340.00,70,971
2019/10/24 16:24:12,9.00,52.00,2310.00,70,971
2019/10/24 16:24:13,9.00,52.00,2328.00,70,971
2019/10/24 16:24:14,9.00,52.00,2328.00,70,971
2019/10/24 16:24:14,9.00,52.00,2328.00,70,971
2019/10/24 16:24:15,9.00,52.00,2346.00,70,971
2019/10/24 16:24:16,9.00,52.00,2346.00,70,971
2019/10/24 16:24:16,9.00,52.00,2335.00,71,971
2019/10/24 16:24:17,9.00,52.00,2364.00,70,971
2019/10/24 16:24:17,9.00,52.00,2364.00,70,971
2019/10/24 16:24:18,9.00,52.00,2335.00,70,971
2019/10/24 16:24:19,9.00,52.00,2335.00,71,971
2019/10/24 16:24:19,9.00,52.00,2335.00,70,971
2019/10/24 16:24:20,9.00,52.00,2352.00,70,971
2019/10/24 16:24:21,9.00,52.00,2352.00,71,971
2019/10/24 16:24:21,9.00,52.00,2352.00,70,971
2019/10/24 16:24:22,9.00,52.00,2352.00,70,971
2019/10/24 16:24:23,9.00,52.00,2370.00,71,971
2019/10/24 16:24:23,9.00,52.00,2370.00,71,971
2019/10/24 16:24:24,9.00,52.00,2370.00,70,971
2019/10/24 16:24:25,9.00,52.00,2352.00,71,971
2019/10/24 16:24:25,9.00,52.00,2352.00,71,971
2019/10/24 16:24:26,9.00,52.00,2352.00,70,971
2019/10/24 16:24:27,9.00,52.00,2352.00,71,972
2019/10/24 16:24:27,9.00,52.00,2370.00,71,971
2019/10/24 16:24:28,9.00,52.00,2357.00,71,971
2019/10/24 16:24:29,9.00,52.00,2291.00,71,972
2019/10/24 16:24:29,9.00,52.00,2284.00,71,976
2019/10/24 16:24:30,9.00,52.00,2187.00,71,978
2019/10/24 16:24:30,9.00,52.00,2108.00,70,975
2019/10/24 16:24:31,9.00,52.00,2247.00,67,976
2019/10/24 16:24:32,9.00,52.00,2111.00,73,974
2019/10/24 16:24:32,9.00,52.00,2416.00,74,977
2019/10/24 16:24:33,9.00,52.00,2592.00,73,973
2019/10/24 16:24:34,9.00,52.00,2651.00,73,971
2019/10/24 16:24:34,9.00,52.00,2991.00,73,975
2019/10/24 16:24:35,9.00,52.00,3296.00,73,975
2019/10/24 16:24:36,9.00,52.00,3367.00,73,975
2019/10/24 16:24:36,9.00,52.00,3207.00,74,976
2019/10/24 16:24:37,9.00,52.00,3084.00,73,976
2019/10/24 16:24:38,9.00,52.00,3162.00,73,976
2019/10/24 16:24:38,9.00,52.00,2660.00,73,977
2019/10/24 16:24:39,9.00,52.00,2605.00,74,976
2019/10/24 16:24:40,9.00,52.00,2535.00,73,975
2019/10/24 16:24:40,9.00,52.00,2032.00,74,976
2019/10/24 16:24:41,9.00,52.00,2196.00,73,975
2019/10/24 16:24:42,9.00,52.00,1575.00,73,971
2019/10/24 16:24:42,9.00,52.00,1324.00,73,971
2019/10/24 16:24:43,9.00,52.00,1164.00,73,975
2019/10/24 16:24:43,9.00,52.00,1154.00,73,971
2019/10/24 16:24:44,9.00,52.00,1255.00,73,967
2019/10/24 16:24:45,9.00,52.00,1381.00,73,971
2019/10/24 16:24:45,9.00,52.00,1433.00,74,978
2019/10/24 16:24:46,9.00,52.00,1467.00,73,978
2019/10/24 16:24:47,9.00,52.00,1564.00,73,978
2019/10/24 16:24:47,9.00,52.00,1757.00,73,975
2019/10/24 16:24:48,9.00,52.00,1544.00,74,972
2019/10/24 16:24:49,9.00,52.00,1957.00,73,974
2019/10/24 16:24:49,9.00,52.00,2337.00,73,976
2019/10/24 16:24:50,9.00,52.00,2655.00,73,975
2019/10/24 16:24:51,9.00,52.00,2232.00,73,972
2019/10/24 16:24:51,9.00,52.00,2757.00,74,979
2019/10/24 16:24:52,9.00,52.00,2726.00,75,975
2019/10/24 16:24:53,9.00,52.00,2653.00,73,977
2019/10/24 16:24:53,9.00,52.00,2415.00,73,975
2019/10/24 16:24:54,9.00,52.00,2234.00,73,976
2019/10/24 16:24:54,9.00,52.00,2074.00,73,977
2019/10/24 16:24:55,9.00,52.00,1354.00,73,978
2019/10/24 16:24:56,9.00,52.00,575.00,74,981
2019/10/24 16:24:56,9.00,52.00,909.00,74,981
2019/10/24 16:24:57,9.00,52.00,1410.00,74,982
2019/10/24 16:24:58,9.00,52.00,1162.00,74,982
2019/10/24 16:24:58,9.00,52.00,1040.00,74,982
2019/10/24 16:24:59,9.00,52.00,1051.00,74,982
2019/10/24 16:25:0,9.00,52.00,1003.00,74,982
2019/10/24 16:25:0,9.00,52.00,537.00,74,982
2019/10/24 16:25:1,9.00,52.00,428.00,74,982
2019/10/24 16:25:2,9.00,52.00,368.00,74,981
2019/10/24 16:25:2,9.00,52.00,497.00,74,980
2019/10/24 16:25:3,9.00,52.00,548.00,74,980
2019/10/24 16:25:4,9.00,52.00,561.00,74,979
2019/10/24 16:25:4,9.00,52.00,637.00,74,980
2019/10/24 16:25:5,9.00,52.00,510.00,73,977
2019/10/24 16:25:6,9.00,52.00,1176.00,74,978
2019/10/24 16:25:6,9.00,52.00,1796.00,73,975
2019/10/24 16:25:7,9.00,52.00,495.00,73,980
2019/10/24 16:25:7,9.00,52.00,592.00,73,980
2019/10/24 16:25:8,9.00,52.00,2664.00,74,980
2019/10/24 16:25:9,9.00,52.00,767.00,73,975
2019/10/24 16:25:9,9.00,52.00,612.00,73,976
2019/10/24 16:25:10,9.00,52.00,581.00,73,977
2019/10/24 16:25:11,9.00,52.00,532.00,74,977
2019/10/24 16:25:11,9.00,52.00,524.00,73,978
2019/10/24 16:25:12,9.00,52.00,552.00,69,975
2019/10/24 16:25:13,9.00,52.00,481.00,68,976
2019/10/24 16:25:13,9.00,52.00,510.00,65,975
2019/10/24 16:25:14,9.00,52.00,534.00,67,978
2019/10/24 16:25:15,9.00,52.00,521.00,62,978
2019/10/24 16:25:15,9.00,52.00,515.00,61,977
2019/10/24 16:25:16,9.00,52.00,515.00,58,976
2019/10/24 16:25:17,9.00,52.00,544.00,55,977
2019/10/24 16:25:17,9.00,52.00,557.00,60,978
2019/10/24 16:25:18,9.00,53.00,539.00,61,978
2019/10/24 16:25:18,9.00,53.00,563.00,62,979
2019/10/24 16:25:19,9.00,53.00,503.00,62,979
2019/10/24 16:25:20,9.00,53.00,534.00,62,978
2019/10/24 16:25:20,9.00,53.00,558.00,63,977
2019/10/24 16:25:21,9.00,53.00,583.00,63,977
2019/10/24 16:25:22,9.00,53.00,583.00,63,977
2019/10/24 16:25:22,9.00,53.00,583.00,64,977
2019/10/24 16:25:23,9.00,53.00,565.00,64,978
2019/10/24 16:25:24,9.00,53.00,570.00,64,973
2019/10/24 16:25:24,9.00,53.00,545.00,64,977
2019/10/24 16:25:25,9.00,53.00,570.00,64,977
2019/10/24 16:25:26,9.00,53.00,547.00,64,977
2019/10/24 16:25:26,9.00,53.00,565.00,65,977
2019/10/24 16:25:27,9.00,53.00,565.00,64,977
2019/10/24 16:25:28,9.00,53.00,547.00,65,977
2019/10/24 16:25:28,9.00,53.00,553.00,65,977
2019/10/24 16:25:29,9.00,53.00,553.00,65,977
2019/10/24 16:25:29,9.00,53.00,547.00,65,977
2019/10/24 16:25:30,9.00,53.00,565.00,65,977
2019/10/24 16:25:31,9.00,53.00,547.00,64,977
2019/10/24 16:25:31,9.00,53.00,529.00,65,977
2019/10/24 16:25:32,9.00,53.00,547.00,65,977
2019/10/24 16:25:33,9.00,53.00,547.00,65,977
2019/10/24 16:25:33,9.00,53.00,529.00,65,977
2019/10/24 16:25:34,9.00,53.00,547.00,65,977
2019/10/24 16:25:35,9.00,53.00,529.00,65,977
2019/10/24 16:25:35,9.00,53.00,529.00,65,977
2019/10/24 16:25:36,9.00,53.00,547.00,65,977
2019/10/24 16:25:37,9.00,53.00,547.00,65,977
2019/10/24 16:25:37,9.00,53.00,529.00,65,977
2019/10/24 16:25:38,9.00,53.00,529.00,66,977
2019/10/24 16:25:38,9.00,53.00,547.00,66,977
2019/10/24 16:25:39,9.00,53.00,529.00,66,977
2019/10/24 16:25:40,9.00,53.00,558.00,66,977
2019/10/24 16:25:40,9.00,53.00,523.00,66,977
2019/10/24 16:25:41,9.00,53.00,534.00,66,977
2019/10/24 16:25:42,9.00,53.00,534.00,66,977
2019/10/24 16:25:42,9.00,53.00,534.00,66,977
2019/10/24 16:25:43,9.00,53.00,534.00,66,977
2019/10/24 16:25:44,9.00,53.00,534.00,66,977
2019/10/24 16:25:44,9.00,53.00,534.00,66,977
2019/10/24 16:25:45,9.00,53.00,534.00,66,977
2019/10/24 16:25:46,9.00,53.00,534.00,66,977
2019/10/24 16:25:46,9.00,53.00,534.00,66,977
2019/10/24 16:25:47,9.00,53.00,534.00,66,977
2019/10/24 16:25:48,9.00,53.00,552.00,66,977
2019/10/24 16:25:48,9.00,53.00,552.00,66,977
2019/10/24 16:25:49,9.00,53.00,534.00,66,977
2019/10/24 16:25:50,9.00,53.00,552.00,66,977
2019/10/24 16:25:50,9.00,53.00,540.00,66,977
2019/10/24 16:25:51,9.00,53.00,523.00,66,977
2019/10/24 16:25:51,9.00,53.00,571.00,66,977
2019/10/24 16:25:52,9.00,53.00,613.00,66,977
2019/10/24 16:25:53,9.00,53.00,638.00,66,977
2019/10/24 16:25:53,9.00,53.00,626.00,66,977
2019/10/24 16:25:54,9.00,53.00,656.00,66,977
2019/10/24 16:25:55,9.00,53.00,673.00,66,976
2019/10/24 16:25:55,9.00,53.00,673.00,66,977
2019/10/24 16:25:56,9.00,53.00,673.00,66,977
2019/10/24 16:25:57,9.00,53.00,656.00,66,977
2019/10/24 16:25:57,9.00,53.00,656.00,66,977
2019/10/24 16:25:58,9.00,53.00,656.00,66,977
2019/10/24 16:25:59,9.00,53.00,667.00,66,977
2019/10/24 16:25:59,9.00,53.00,649.00,66,977
2019/10/24 16:26:0,9.00,53.00,649.00,66,977
2019/10/24 16:26:1,9.00,53.00,649.00,66,977
2019/10/24 16:26:1,9.00,53.00,656.00,66,977
2019/10/24 16:26:2,9.00,53.00,673.00,66,977
2019/10/24 16:26:2,9.00,53.00,656.00,66,977
2019/10/24 16:26:3,9.00,53.00,673.00,66,977
2019/10/24 16:26:4,9.00,53.00,673.00,66,977
2019/10/24 16:26:4,9.00,53.00,673.00,66,977
2019/10/24 16:26:5,9.00,53.00,656.00,66,977
2019/10/24 16:26:6,9.00,53.00,673.00,66,977
2019/10/24 16:26:6,9.00,53.00,691.00,66,977
2019/10/24 16:26:7,9.00,53.00,673.00,66,977
2019/10/24 16:26:8,9.00,53.00,673.00,66,977
2019/10/24 16:26:8,9.00,53.00,673.00,66,977
2019/10/24 16:26:9,9.00,53.00,673.00,66,977
2019/10/24 16:26:10,9.00,53.00,673.00,67,977
2019/10/24 16:26:10,9.00,53.00,673.00,66,977
2019/10/24 16:26:11,9.00,53.00,673.00,66,977
2019/10/24 16:26:12,9.00,53.00,673.00,66,977
2019/10/24 16:26:12,9.00,53.00,703.00,66,977
2019/10/24 16:26:13,9.00,53.00,685.00,66,977
2019/10/24 16:26:13,9.00,53.00,667.00,66,977
2019/10/24 16:26:14,9.00,53.00,678.00,66,977
2019/10/24 16:26:15,9.00,53.00,643.00,66,977
2019/10/24 16:26:15,9.00,53.00,643.00,66,977
2019/10/24 16:26:16,9.00,53.00,625.00,66,977
2019/10/24 16:26:17,9.00,53.00,625.00,66,977
2019/10/24 16:26:17,9.00,53.00,643.00,67,977
2019/10/24 16:26:18,9.00,53.00,625.00,66,977
2019/10/24 16:26:19,9.00,53.00,643.00,66,977
2019/10/24 16:26:19,9.00,53.00,643.00,66,977
2019/10/24 16:26:20,9.00,53.00,643.00,67,977
2019/10/24 16:26:21,9.00,53.00,643.00,67,977
2019/10/24 16:26:21,9.00,53.00,636.00,66,977
2019/10/24 16:26:22,9.00,53.00,630.00,67,977
2019/10/24 16:26:23,9.00,53.00,630.00,67,977
2019/10/24 16:26:23,9.00,53.00,618.00,67,977
2019/10/24 16:26:24,9.00,53.00,618.00,66,977
2019/10/24 16:26:24,9.00,53.00,647.00,66,977
2019/10/24 16:26:25,9.00,53.00,630.00,67,977
2019/10/24 16:26:26,9.00,53.00,630.00,67,977
2019/10/24 16:26:26,9.00,53.00,630.00,67,977
2019/10/24 16:26:27,9.00,53.00,630.00,67,977
2019/10/24 16:26:28,9.00,53.00,647.00,67,977
2019/10/24 16:26:28,9.00,53.00,665.00,67,977
2019/10/24 16:26:29,9.00,53.00,647.00,67,977
2019/10/24 16:26:30,9.00,53.00,665.00,67,977
2019/10/24 16:26:30,9.00,53.00,636.00,67,977
2019/10/24 16:26:31,9.00,53.00,665.00,67,977
2019/10/24 16:26:32,9.00,53.00,647.00,67,977
2019/10/24 16:26:32,9.00,53.00,647.00,67,977
2019/10/24 16:26:33,9.00,53.00,647.00,67,977
2019/10/24 16:26:34,9.00,53.00,647.00,66,977
2019/10/24 16:26:34,9.00,53.00,647.00,67,977
2019/10/24 16:26:35,9.00,53.00,665.00,67,977
2019/10/24 16:26:35,9.00,53.00,647.00,67,977
2019/10/24 16:26:36,9.00,53.00,647.00,67,977
2019/10/24 16:26:37,9.00,53.00,659.00,67,977
2019/10/24 16:26:37,9.00,53.00,659.00,67,977
2019/10/24 16:26:38,9.00,53.00,641.00,67,977
2019/10/24 16:26:39,9.00,53.00,659.00,66,977
2019/10/24 16:26:39,9.00,53.00,659.00,67,977
2019/10/24 16:26:40,9.00,53.00,641.00,67,977
2019/10/24 16:26:41,9.00,53.00,630.00,67,977
2019/10/24 16:26:41,9.00,53.00,630.00,67,977
2019/10/24 16:26:42,9.00,53.00,659.00,67,977
2019/10/24 16:26:43,9.00,53.00,659.00,67,977
2019/10/24 16:26:43,9.00,53.00,659.00,67,977
2019/10/24 16:26:44,9.00,53.00,623.00,67,977
2019/10/24 16:26:45,9.00,53.00,623.00,67,977
2019/10/24 16:26:45,9.00,53.00,623.00,67,977
2019/10/24 16:26:46,9.00,53.00,623.00,67,977
2019/10/24 16:26:47,9.00,53.00,623.00,67,977
2019/10/24 16:26:47,9.00,53.00,623.00,67,977
2019/10/24 16:26:48,9.00,53.00,623.00,67,977
2019/10/24 16:26:48,9.00,53.00,623.00,67,977
2019/10/24 16:26:49,9.00,53.00,623.00,67,977
2019/10/24 16:26:50,9.00,53.00,623.00,67,977
2019/10/24 16:26:50,9.00,53.00,623.00,67,977
2019/10/24 16:26:51,9.00,53.00,623.00,67,977
2019/10/24 16:26:52,9.00,53.00,623.00,67,977
2019/10/24 16:26:52,9.00,53.00,623.00,67,977
2019/10/24 16:26:53,9.00,53.00,623.00,67,977
2019/10/24 16:26:54,9.00,53.00,623.00,67,977
2019/10/24 16:26:54,9.00,53.00,652.00,67,977
2019/10/24 16:26:55,9.00,53.00,623.00,67,977
2019/10/24 16:26:56,9.00,53.00,652.00,67,977
2019/10/24 16:26:56,9.00,53.00,652.00,67,977
2019/10/24 16:26:57,9.00,53.00,652.00,67,977
2019/10/24 16:26:58,9.00,53.00,652.00,67,977
2019/10/24 16:26:58,9.00,53.00,635.00,67,977
2019/10/24 16:26:59,9.00,53.00,652.00,67,977
2019/10/24 16:27:0,9.00,53.00,635.00,67,977
2019/10/24 16:27:0,9.00,53.00,635.00,67,977
2019/10/24 16:27:1,9.00,53.00,635.00,67,977
2019/10/24 16:27:1,9.00,53.00,635.00,67,977
2019/10/24 16:27:2,9.00,53.00,623.00,67,977
2019/10/24 16:27:3,9.00,53.00,659.00,67,977
2019/10/24 16:27:3,9.00,53.00,677.00,67,977
2019/10/24 16:27:4,9.00,53.00,677.00,67,977
2019/10/24 16:27:5,9.00,53.00,677.00,67,977
2019/10/24 16:27:5,9.00,53.00,677.00,67,977
2019/10/24 16:27:6,9.00,53.00,677.00,67,977
2019/10/24 16:27:7,9.00,53.00,677.00,67,977
2019/10/24 16:27:7,9.00,53.00,659.00,67,977
2019/10/24 16:27:8,9.00,53.00,677.00,67,977
2019/10/24 16:27:9,9.00,53.00,695.00,67,977
2019/10/24 16:27:9,9.00,53.00,695.00,67,977
2019/10/24 16:27:10,9.00,53.00,695.00,67,977
2019/10/24 16:27:11,9.00,53.00,677.00,67,977
2019/10/24 16:27:11,9.00,53.00,677.00,67,977
2019/10/24 16:27:12,9.00,53.00,659.00,67,977
2019/10/24 16:27:13,9.00,53.00,677.00,67,977
2019/10/24 16:27:13,9.00,53.00,677.00,67,977
2019/10/24 16:27:14,9.00,53.00,677.00,67,977
2019/10/24 16:27:14,9.00,53.00,677.00,67,977
2019/10/24 16:27:15,9.00,53.00,677.00,67,977
2019/10/24 16:27:16,9.00,53.00,677.00,67,977
2019/10/24 16:27:16,9.00,53.00,677.00,67,977
2019/10/24 16:27:17,9.00,53.00,659.00,67,977
2019/10/24 16:27:18,9.00,53.00,677.00,67,977
2019/10/24 16:27:18,9.00,53.00,677.00,67,977
2019/10/24 16:27:19,9.00,53.00,677.00,67,977
2019/10/24 16:27:20,9.00,53.00,677.00,67,977
2019/10/24 16:27:20,9.00,53.00,677.00,67,977
2019/10/24 16:27:21,9.00,53.00,677.00,67,977
2019/10/24 16:27:22,9.00,53.00,677.00,67,977
2019/10/24 16:27:22,9.00,53.00,659.00,67,977
2019/10/24 16:27:23,9.00,53.00,659.00,67,977
2019/10/24 16:27:24,9.00,53.00,647.00,67,977
2019/10/24 16:27:24,9.00,53.00,647.00,67,977
2019/10/24 16:27:25,9.00,53.00,647.00,67,977
2019/10/24 16:27:26,9.00,53.00,647.00,67,977
2019/10/24 16:27:26,9.00,53.00,647.00,67,977
2019/10/24 16:27:27,9.00,53.00,665.00,67,977
2019/10/24 16:27:27,9.00,53.00,636.00,67,977
2019/10/24 16:27:28,9.00,53.00,654.00,67,977
2019/10/24 16:27:29,9.00,53.00,654.00,67,977
2019/10/24 16:27:29,9.00,53.00,643.00,68,977
2019/10/24 16:27:30,9.00,53.00,613.00,67,977
2019/10/24 16:27:31,9.00,53.00,638.00,67,977
2019/10/24 16:27:31,9.00,53.00,644.00,67,977
2019/10/24 16:27:32,9.00,53.00,633.00,67,977
2019/10/24 16:27:33,9.00,53.00,621.00,67,977
2019/10/24 16:27:33,9.00,53.00,628.00,67,977
2019/10/24 16:27:34,9.00,53.00,599.00,67,977
2019/10/24 16:27:35,9.00,53.00,576.00,67,977
2019/10/24 16:27:35,9.00,53.00,582.00,67,977
2019/10/24 16:27:36,9.00,53.00,560.00,67,977
2019/10/24 16:27:37,9.00,53.00,555.00,67,977
2019/10/24 16:27:37,9.00,53.00,550.00,67,977
2019/10/24 16:27:38,9.00,53.00,545.00,67,977
2019/10/24 16:27:38,9.00,53.00,529.00,67,977
2019/10/24 16:27:39,9.00,53.00,524.00,67,977
2019/10/24 16:27:40,9.00,53.00,489.00,67,977
2019/10/24 16:27:40,9.00,53.00,496.00,67,977
2019/10/24 16:27:41,9.00,53.00,491.00,67,977
2019/10/24 16:27:42,9.00,53.00,497.00,67,977
2019/10/24 16:27:42,9.00,53.00,493.00,67,977
2019/10/24 16:27:43,9.00,53.00,489.00,67,977
2019/10/24 16:27:44,9.00,53.00,485.00,67,977
2019/10/24 16:27:44,9.00,53.00,496.00,67,977
2019/10/24 16:27:45,9.00,53.00,488.00,67,977
2019/10/24 16:27:46,9.00,53.00,490.00,67,977
2019/10/24 16:27:46,9.00,53.00,488.00,67,977
2019/10/24 16:27:47,9.00,53.00,461.00,67,977
2019/10/24 16:27:48,9.00,53.00,388.00,67,977
2019/10/24 16:27:48,9.00,53.00,45.00,67,977
2019/10/24 16:27:49,9.00,53.00,47.00,67,977
2019/10/24 16:27:50,9.00,53.00,24.00,67,977
2019/10/24 16:27:50,9.00,53.00,24.00,66,971
2019/10/24 16:27:51,9.00,53.00,32.00,66,972
2019/10/24 16:27:51,9.00,53.00,18.00,66,975
2019/10/24 16:27:52,9.00,53.00,33.00,66,975
2019/10/24 16:27:53,9.00,53.00,44.00,66,979
2019/10/24 16:27:53,9.00,53.00,98.00,66,974
2019/10/24 16:27:54,9.00,53.00,20.00,66,974
2019/10/24 16:27:55,9.00,53.00,22.00,67,975
2019/10/24 16:27:55,9.00,53.00,16.00,65,976
2019/10/24 16:27:56,9.00,53.00,67.00,73,973
2019/10/24 16:27:57,9.00,53.00,94.00,72,970
2019/10/24 16:27:57,9.00,53.00,24.00,73,978
2019/10/24 16:27:58,9.00,53.00,18.00,73,979
2019/10/24 16:27:59,9.00,53.00,31.00,73,981
2019/10/24 16:27:59,9.00,53.00,968.00,73,979
2019/10/24 16:28:0,9.00,53.00,271.00,74,981
2019/10/24 16:28:1,9.00,53.00,8179.00,74,982
2019/10/24 16:28:1,9.00,53.00,5500.00,74,982
2019/10/24 16:28:2,9.00,53.00,2306.00,73,982
2019/10/24 16:28:2,9.00,53.00,1201.00,74,982
2019/10/24 16:28:3,9.00,53.00,2164.00,73,981
2019/10/24 16:28:4,9.00,53.00,2568.00,73,982
2019/10/24 16:28:4,9.00,53.00,1570.00,73,981
2019/10/24 16:28:5,9.00,53.00,1565.00,74,982
2019/10/24 16:28:6,9.00,53.00,1673.00,74,982
2019/10/24 16:28:6,9.00,53.00,2018.00,74,982
2019/10/24 16:28:7,9.00,53.00,2154.00,74,981
2019/10/24 16:28:8,9.00,53.00,1686.00,73,981
2019/10/24 16:28:8,9.00,53.00,1769.00,74,982
2019/10/24 16:28:9,9.00,53.00,1862.00,73,981
2019/10/24 16:28:10,9.00,53.00,1877.00,74,982
date,temperature,humidity,light,soil,air
2019/10/24 16:43:44,14.00,50.00,80.00,68,973
2019/10/24 16:43:44,14.00,50.00,80.00,68,973
2019/10/24 16:43:45,14.00,50.00,80.00,68,974
2019/10/24 16:43:46,14.00,50.00,80.00,68,973
2019/10/24 16:43:46,14.00,50.00,80.00,69,973
2019/10/24 16:43:47,14.00,50.00,80.00,69,974
2019/10/24 16:43:47,14.00,50.00,80.00,69,973
2019/10/24 16:43:48,14.00,50.00,80.00,69,974
2019/10/24 16:43:49,14.00,50.00,80.00,69,974
2019/10/24 16:43:49,14.00,50.00,80.00,69,974
2019/10/24 16:43:50,14.00,50.00,80.00,70,974
2019/10/24 16:43:51,14.00,50.00,80.00,70,974
2019/10/24 16:43:51,14.00,50.00,80.00,70,974
2019/10/24 16:43:52,14.00,50.00,64.00,71,975
2019/10/24 16:43:53,14.00,50.00,64.00,71,974
2019/10/24 16:43:53,14.00,50.00,80.00,71,974
2019/10/24 16:43:54,14.00,50.00,80.00,72,974
2019/10/24 16:43:55,14.00,50.00,96.00,72,974
2019/10/24 16:43:55,14.00,50.00,96.00,72,974
2019/10/24 16:43:56,14.00,50.00,96.00,72,966
2019/10/24 16:43:57,14.00,50.00,126.00,73,970
2019/10/24 16:43:57,14.00,50.00,126.00,73,972
2019/10/24 16:43:58,14.00,50.00,111.00,73,971
2019/10/24 16:43:59,14.00,50.00,111.00,73,972
2019/10/24 16:43:59,14.00,50.00,111.00,73,972
2019/10/24 16:44:0,14.00,50.00,111.00,74,972
2019/10/24 16:44:0,14.00,50.00,111.00,74,972
2019/10/24 16:44:1,14.00,50.00,126.00,73,972
2019/10/24 16:44:2,14.00,50.00,126.00,74,972
2019/10/24 16:44:2,14.00,50.00,126.00,74,972
2019/10/24 16:44:3,14.00,50.00,111.00,74,972
2019/10/24 16:44:4,14.00,50.00,126.00,74,972
2019/10/24 16:44:4,14.00,50.00,126.00,74,972
2019/10/24 16:44:5,14.00,50.00,126.00,74,972
2019/10/24 16:44:6,14.00,50.00,126.00,74,972
2019/10/24 16:44:6,14.00,50.00,126.00,74,973
2019/10/24 16:44:7,14.00,50.00,126.00,74,972
2019/10/24 16:44:8,14.00,50.00,126.00,74,973
2019/10/24 16:44:8,14.00,50.00,111.00,74,973
2019/10/24 16:44:9,14.00,50.00,111.00,74,973
2019/10/24 16:44:10,14.00,50.00,126.00,74,973
2019/10/24 16:44:10,14.00,50.00,126.00,74,972
2019/10/24 16:44:11,14.00,50.00,126.00,74,973
2019/10/24 16:44:12,14.00,50.00,126.00,74,973
2019/10/24 16:44:12,14.00,50.00,126.00,74,972
2019/10/24 16:44:13,14.00,50.00,126.00,74,973
2019/10/24 16:44:14,14.00,50.00,126.00,74,973
2019/10/24 16:44:14,14.00,50.00,126.00,74,973
2019/10/24 16:44:15,14.00,50.00,126.00,74,972
2019/10/24 16:44:15,14.00,50.00,126.00,74,973
2019/10/24 16:44:16,14.00,50.00,126.00,74,973
2019/10/24 16:44:17,14.00,50.00,126.00,74,972
2019/10/24 16:44:17,15.00,49.00,126.00,74,973
2019/10/24 16:44:18,15.00,49.00,126.00,74,973
2019/10/24 16:44:19,15.00,49.00,126.00,74,973
2019/10/24 16:44:19,15.00,49.00,126.00,74,973
2019/10/24 16:44:20,15.00,49.00,126.00,74,973
2019/10/24 16:44:21,15.00,49.00,126.00,74,973
2019/10/24 16:44:21,15.00,49.00,111.00,74,973
2019/10/24 16:44:22,15.00,49.00,111.00,74,973
2019/10/24 16:44:23,15.00,49.00,111.00,74,973
2019/10/24 16:44:23,15.00,49.00,111.00,74,973
2019/10/24 16:44:24,15.00,49.00,111.00,74,973
2019/10/24 16:44:25,15.00,49.00,111.00,74,973
2019/10/24 16:44:25,15.00,49.00,121.00,74,973
2019/10/24 16:44:26,15.00,49.00,126.00,74,973
2019/10/24 16:44:27,15.00,49.00,111.00,74,973
2019/10/24 16:44:27,15.00,49.00,64.00,74,973
2019/10/24 16:44:28,15.00,49.00,64.00,74,973
2019/10/24 16:44:28,15.00,49.00,111.00,74,973
2019/10/24 16:44:29,15.00,49.00,111.00,74,973
2019/10/24 16:44:30,15.00,49.00,96.00,74,973
2019/10/24 16:44:30,15.00,49.00,96.00,74,973
2019/10/24 16:44:31,15.00,49.00,111.00,74,973
2019/10/24 16:44:32,15.00,49.00,111.00,74,973
2019/10/24 16:44:32,15.00,49.00,111.00,74,973
2019/10/24 16:44:33,15.00,49.00,111.00,74,973
2019/10/24 16:44:34,15.00,49.00,111.00,74,971
2019/10/24 16:44:34,15.00,49.00,111.00,74,971
2019/10/24 16:44:35,15.00,49.00,126.00,73,971
2019/10/24 16:44:36,15.00,49.00,126.00,74,971
2019/10/24 16:44:36,15.00,49.00,126.00,73,971
2019/10/24 16:44:37,15.00,49.00,126.00,74,972
2019/10/24 16:44:38,15.00,49.00,126.00,74,971
2019/10/24 16:44:38,15.00,49.00,126.00,73,970
2019/10/24 16:44:39,15.00,49.00,111.00,73,969
2019/10/24 16:44:40,15.00,49.00,80.00,73,969
2019/10/24 16:44:40,15.00,49.00,64.00,74,972
2019/10/24 16:44:41,15.00,49.00,96.00,74,978
2019/10/24 16:44:41,15.00,49.00,126.00,74,977
2019/10/24 16:44:42,15.00,49.00,126.00,74,977
2019/10/24 16:44:43,15.00,49.00,126.00,74,977
2019/10/24 16:44:43,15.00,49.00,126.00,74,977
2019/10/24 16:44:44,15.00,49.00,126.00,74,977
2019/10/24 16:44:45,15.00,49.00,126.00,74,977
2019/10/24 16:44:45,15.00,49.00,126.00,74,978
2019/10/24 16:44:46,15.00,49.00,126.00,74,978
2019/10/24 16:44:47,15.00,49.00,126.00,74,977
2019/10/24 16:44:47,15.00,49.00,126.00,74,977
2019/10/24 16:44:48,15.00,49.00,126.00,74,977
2019/10/24 16:44:49,15.00,49.00,126.00,74,978
2019/10/24 16:44:49,15.00,49.00,126.00,74,977
2019/10/24 16:44:50,15.00,49.00,126.00,74,977
2019/10/24 16:44:51,15.00,49.00,126.00,74,978
2019/10/24 16:44:51,15.00,49.00,80.00,74,977
2019/10/24 16:44:52,15.00,49.00,96.00,74,978
2019/10/24 16:44:53,15.00,49.00,141.00,74,977
2019/10/24 16:44:53,15.00,49.00,141.00,74,977
2019/10/24 16:44:54,16.00,49.00,136.00,74,978
2019/10/24 16:44:55,16.00,49.00,136.00,74,977
2019/10/24 16:44:55,16.00,49.00,136.00,74,977
2019/10/24 16:44:56,16.00,49.00,136.00,74,977
2019/10/24 16:44:56,16.00,49.00,136.00,74,977
2019/10/24 16:44:57,16.00,49.00,136.00,74,977
2019/10/24 16:44:58,16.00,49.00,136.00,74,977
2019/10/24 16:44:58,16.00,49.00,136.00,74,977
2019/10/24 16:44:59,16.00,48.00,136.00,75,977
2019/10/24 16:45:0,16.00,48.00,136.00,74,977
2019/10/24 16:45:0,16.00,48.00,136.00,74,977
2019/10/24 16:45:1,16.00,48.00,136.00,74,977
2019/10/24 16:45:2,16.00,48.00,136.00,74,977
2019/10/24 16:45:2,16.00,48.00,136.00,74,977
2019/10/24 16:45:3,16.00,48.00,136.00,74,977
2019/10/24 16:45:4,16.00,48.00,136.00,74,977
2019/10/24 16:45:4,16.00,48.00,136.00,74,977
2019/10/24 16:45:5,16.00,48.00,136.00,74,977
2019/10/24 16:45:6,16.00,48.00,136.00,74,977
2019/10/24 16:45:6,16.00,48.00,136.00,74,977
2019/10/24 16:45:7,16.00,48.00,136.00,74,977
2019/10/24 16:45:8,16.00,48.00,136.00,74,977
2019/10/24 16:45:8,16.00,48.00,136.00,74,977
2019/10/24 16:45:9,16.00,48.00,136.00,74,977
2019/10/24 16:45:9,16.00,48.00,136.00,74,977
2019/10/24 16:45:10,16.00,48.00,136.00,74,977
2019/10/24 16:45:11,16.00,48.00,136.00,74,977
2019/10/24 16:45:11,16.00,48.00,136.00,73,977
2019/10/24 16:45:12,16.00,48.00,136.00,74,977
2019/10/24 16:45:13,16.00,48.00,136.00,74,977
2019/10/24 16:45:13,16.00,48.00,136.00,73,977
2019/10/24 16:45:14,16.00,48.00,136.00,74,977
2019/10/24 16:45:15,16.00,48.00,136.00,73,977
2019/10/24 16:45:15,16.00,48.00,136.00,74,977
2019/10/24 16:45:16,16.00,48.00,136.00,74,977
2019/10/24 16:45:17,16.00,48.00,136.00,73,977
2019/10/24 16:45:17,16.00,47.00,136.00,74,977
2019/10/24 16:45:18,16.00,47.00,136.00,73,976
2019/10/24 16:45:19,16.00,47.00,136.00,74,977
2019/10/24 16:45:19,16.00,47.00,136.00,74,977
2019/10/24 16:45:20,16.00,47.00,136.00,74,977
2019/10/24 16:45:21,16.00,47.00,136.00,74,977
2019/10/24 16:45:21,16.00,47.00,136.00,73,976
2019/10/24 16:45:22,16.00,47.00,136.00,73,977
2019/10/24 16:45:23,16.00,47.00,136.00,74,977
2019/10/24 16:45:23,16.00,47.00,136.00,73,976
2019/10/24 16:45:24,16.00,47.00,136.00,74,977
2019/10/24 16:45:24,16.00,47.00,136.00,74,976
2019/10/24 16:45:25,16.00,47.00,136.00,74,976
2019/10/24 16:45:26,16.00,47.00,136.00,73,976
2019/10/24 16:45:26,16.00,47.00,136.00,73,976
2019/10/24 16:45:27,16.00,47.00,136.00,74,976
2019/10/24 16:45:28,16.00,46.00,136.00,74,976
2019/10/24 16:45:28,16.00,46.00,136.00,74,977
2019/10/24 16:45:29,16.00,46.00,136.00,73,977
2019/10/24 16:45:30,16.00,46.00,136.00,73,976
2019/10/24 16:45:30,16.00,46.00,136.00,73,977
2019/10/24 16:45:31,16.00,46.00,136.00,74,976
2019/10/24 16:45:32,16.00,46.00,136.00,74,976
2019/10/24 16:45:32,16.00,46.00,136.00,73,977
2019/10/24 16:45:33,16.00,46.00,136.00,72,976
2019/10/24 16:45:34,16.00,46.00,136.00,74,976
2019/10/24 16:45:34,16.00,46.00,136.00,73,976
2019/10/24 16:45:35,16.00,46.00,136.00,73,976
2019/10/24 16:45:36,16.00,45.00,136.00,74,977
2019/10/24 16:45:36,16.00,45.00,136.00,73,976
2019/10/24 16:45:37,16.00,45.00,136.00,74,976
2019/10/24 16:45:38,16.00,45.00,136.00,74,976
2019/10/24 16:45:38,16.00,45.00,136.00,74,976
2019/10/24 16:45:39,16.00,45.00,136.00,74,976
2019/10/24 16:45:39,16.00,45.00,136.00,73,976
2019/10/24 16:45:40,16.00,45.00,136.00,73,976
2019/10/24 16:45:41,16.00,45.00,136.00,73,976
2019/10/24 16:45:41,16.00,45.00,136.00,73,976
2019/10/24 16:45:42,16.00,45.00,136.00,74,976
2019/10/24 16:45:43,16.00,45.00,136.00,73,976
2019/10/24 16:45:43,16.00,45.00,136.00,74,976
2019/10/24 16:45:44,16.00,45.00,136.00,73,976
2019/10/24 16:45:45,16.00,45.00,136.00,73,976
2019/10/24 16:45:45,16.00,45.00,136.00,74,976
2019/10/24 16:45:46,16.00,45.00,136.00,74,976
2019/10/24 16:45:47,16.00,45.00,136.00,73,976
2019/10/24 16:45:47,16.00,45.00,136.00,74,976
2019/10/24 16:45:48,16.00,45.00,136.00,73,976
2019/10/24 16:45:49,16.00,45.00,136.00,74,976
2019/10/24 16:45:49,16.00,45.00,136.00,73,976
2019/10/24 16:45:50,16.00,45.00,136.00,73,976
2019/10/24 16:45:51,16.00,45.00,136.00,74,976
2019/10/24 16:45:51,16.00,45.00,136.00,73,976
2019/10/24 16:45:52,16.00,45.00,136.00,74,976
2019/10/24 16:45:52,16.00,45.00,136.00,74,976
2019/10/24 16:45:53,16.00,45.00,136.00,73,976
2019/10/24 16:45:54,16.00,44.00,136.00,73,976
2019/10/24 16:45:54,16.00,44.00,136.00,74,976
2019/10/24 16:45:55,16.00,44.00,136.00,73,976
2019/10/24 16:45:56,16.00,44.00,136.00,73,976
2019/10/24 16:45:56,16.00,44.00,136.00,73,976
2019/10/24 16:45:57,16.00,44.00,136.00,73,976
2019/10/24 16:45:58,16.00,44.00,136.00,73,976
2019/10/24 16:45:58,16.00,44.00,136.00,73,976
2019/10/24 16:45:59,16.00,44.00,136.00,74,976
2019/10/24 16:46:0,16.00,44.00,136.00,73,975
2019/10/24 16:46:0,16.00,44.00,136.00,74,976
2019/10/24 16:46:1,16.00,44.00,136.00,74,976
2019/10/24 16:46:2,16.00,44.00,136.00,73,975
2019/10/24 16:46:2,16.00,44.00,136.00,74,976
2019/10/24 16:46:3,16.00,44.00,136.00,73,975
2019/10/24 16:46:4,16.00,44.00,136.00,73,975
2019/10/24 16:46:4,16.00,44.00,136.00,74,976
2019/10/24 16:46:5,16.00,44.00,136.00,73,975
2019/10/24 16:46:6,16.00,44.00,136.00,74,976
2019/10/24 16:46:6,16.00,44.00,136.00,73,975
2019/10/24 16:46:7,16.00,44.00,136.00,74,975
2019/10/24 16:46:7,16.00,44.00,136.00,74,976
2019/10/24 16:46:8,16.00,44.00,136.00,73,975
2019/10/24 16:46:9,16.00,44.00,136.00,73,975
2019/10/24 16:46:9,16.00,44.00,136.00,73,976
2019/10/24 16:46:10,16.00,44.00,136.00,73,975
2019/10/24 16:46:11,16.00,44.00,136.00,74,975
2019/10/24 16:46:11,16.00,44.00,136.00,74,975
2019/10/24 16:46:12,17.00,43.00,136.00,74,975
2019/10/24 16:46:13,17.00,43.00,136.00,74,976
2019/10/24 16:46:13,17.00,43.00,136.00,73,975
2019/10/24 16:46:14,17.00,43.00,136.00,74,975
2019/10/24 16:46:15,17.00,43.00,136.00,73,975
2019/10/24 16:46:15,17.00,43.00,136.00,73,975
2019/10/24 16:46:16,17.00,43.00,136.00,74,975
2019/10/24 16:46:17,17.00,43.00,136.00,74,975
2019/10/24 16:46:17,17.00,42.00,136.00,73,975
2019/10/24 16:46:18,17.00,42.00,136.00,73,975
2019/10/24 16:46:19,17.00,42.00,136.00,73,975
2019/10/24 16:46:19,17.00,42.00,136.00,73,975
2019/10/24 16:46:20,17.00,42.00,136.00,73,975
2019/10/24 16:46:21,17.00,42.00,136.00,73,975
2019/10/24 16:46:21,17.00,42.00,136.00,73,975
2019/10/24 16:46:22,17.00,42.00,136.00,74,975
2019/10/24 16:46:22,17.00,42.00,136.00,73,975
2019/10/24 16:46:23,17.00,42.00,136.00,74,975
2019/10/24 16:46:24,17.00,42.00,136.00,73,975
2019/10/24 16:46:24,17.00,42.00,136.00,73,975
2019/10/24 16:46:25,17.00,42.00,136.00,74,974
2019/10/24 16:46:26,17.00,42.00,136.00,73,974
2019/10/24 16:46:26,17.00,42.00,136.00,73,975
2019/10/24 16:46:27,17.00,42.00,136.00,74,975
2019/10/24 16:46:28,17.00,42.00,136.00,73,974
2019/10/24 16:46:28,17.00,42.00,136.00,74,974
2019/10/24 16:46:29,17.00,42.00,136.00,73,974
2019/10/24 16:46:30,17.00,42.00,136.00,73,974
2019/10/24 16:46:30,17.00,42.00,136.00,74,975
2019/10/24 16:46:31,17.00,42.00,136.00,73,974
2019/10/24 16:46:32,17.00,42.00,136.00,73,975
2019/10/24 16:46:32,17.00,42.00,136.00,73,974
2019/10/24 16:46:33,17.00,42.00,136.00,73,975
2019/10/24 16:46:34,17.00,42.00,136.00,74,975
2019/10/24 16:46:34,17.00,42.00,136.00,73,974
2019/10/24 16:46:35,17.00,42.00,136.00,74,974
2019/10/24 16:46:35,17.00,42.00,136.00,73,975
2019/10/24 16:46:36,17.00,42.00,136.00,73,974
2019/10/24 16:46:37,17.00,42.00,136.00,73,974
2019/10/24 16:46:37,17.00,42.00,136.00,73,974
2019/10/24 16:46:38,17.00,42.00,136.00,73,974
2019/10/24 16:46:39,17.00,42.00,136.00,73,974
2019/10/24 16:46:39,17.00,42.00,136.00,73,974
2019/10/24 16:46:40,17.00,42.00,136.00,73,974
2019/10/24 16:46:41,17.00,42.00,136.00,73,974
2019/10/24 16:46:41,17.00,42.00,136.00,73,974
2019/10/24 16:46:42,17.00,42.00,136.00,73,974
2019/10/24 16:46:43,17.00,42.00,136.00,73,974
2019/10/24 16:46:43,17.00,42.00,136.00,73,974
2019/10/24 16:46:44,17.00,42.00,136.00,73,974
2019/10/24 16:46:45,17.00,42.00,136.00,73,974
2019/10/24 16:46:45,17.00,42.00,136.00,73,974
2019/10/24 16:46:46,17.00,42.00,136.00,73,973
2019/10/24 16:46:47,17.00,42.00,136.00,74,974
2019/10/24 16:46:47,17.00,42.00,136.00,74,973
2019/10/24 16:46:48,17.00,42.00,136.00,73,973
2019/10/24 16:46:48,17.00,42.00,136.00,74,974
2019/10/24 16:46:49,17.00,42.00,136.00,73,973
2019/10/24 16:46:50,17.00,42.00,136.00,73,974
2019/10/24 16:46:50,17.00,42.00,136.00,74,973
2019/10/24 16:46:51,17.00,42.00,136.00,73,973
2019/10/24 16:46:52,17.00,42.00,136.00,74,973
2019/10/24 16:46:52,17.00,42.00,136.00,73,973
2019/10/24 16:46:53,17.00,42.00,136.00,73,973
2019/10/24 16:46:54,17.00,42.00,136.00,74,973
2019/10/24 16:46:54,17.00,42.00,136.00,73,973
2019/10/24 16:46:55,17.00,42.00,136.00,73,974
2019/10/24 16:46:56,17.00,42.00,136.00,74,973
2019/10/24 16:46:56,17.00,42.00,136.00,73,973
2019/10/24 16:46:57,17.00,42.00,136.00,74,973
2019/10/24 16:46:58,17.00,42.00,136.00,73,973
2019/10/24 16:46:58,17.00,42.00,136.00,73,973
2019/10/24 16:46:59,17.00,42.00,136.00,74,973
2019/10/24 16:47:0,17.00,42.00,136.00,73,973
2019/10/24 16:47:0,17.00,42.00,136.00,74,973
2019/10/24 16:47:1,17.00,42.00,136.00,73,973
2019/10/24 16:47:2,17.00,42.00,136.00,73,973
2019/10/24 16:47:2,17.00,42.00,136.00,74,973
2019/10/24 16:47:3,17.00,42.00,136.00,73,973
2019/10/24 16:47:3,17.00,42.00,136.00,73,973
2019/10/24 16:47:4,17.00,42.00,136.00,73,973
2019/10/24 16:47:5,17.00,42.00,136.00,73,973
2019/10/24 16:47:5,17.00,42.00,136.00,73,973
2019/10/24 16:47:6,17.00,42.00,136.00,73,972
2019/10/24 16:47:7,17.00,41.00,136.00,73,973
2019/10/24 16:47:7,17.00,41.00,136.00,73,972
2019/10/24 16:47:8,17.00,41.00,136.00,73,972
2019/10/24 16:47:9,17.00,41.00,136.00,74,973
2019/10/24 16:47:9,17.00,41.00,136.00,73,973
2019/10/24 16:47:10,17.00,41.00,136.00,73,973
2019/10/24 16:47:11,17.00,41.00,156.00,73,972
2019/10/24 16:47:11,17.00,41.00,136.00,73,972
2019/10/24 16:47:12,17.00,41.00,156.00,73,973
2019/10/24 16:47:13,17.00,41.00,156.00,73,972
2019/10/24 16:47:13,17.00,41.00,156.00,73,972
2019/10/24 16:47:14,17.00,41.00,156.00,74,972
2019/10/24 16:47:15,17.00,41.00,156.00,73,972
2019/10/24 16:47:15,17.00,41.00,156.00,73,972
2019/10/24 16:47:16,17.00,41.00,156.00,74,972
2019/10/24 16:47:17,17.00,41.00,156.00,73,972
2019/10/24 16:47:17,17.00,41.00,156.00,73,972
2019/10/24 16:47:18,17.00,41.00,156.00,73,972
2019/10/24 16:47:18,17.00,41.00,156.00,73,973
2019/10/24 16:47:19,17.00,41.00,156.00,73,973
2019/10/24 16:47:20,17.00,41.00,156.00,73,972
2019/10/24 16:47:20,17.00,41.00,156.00,74,973
2019/10/24 16:47:21,17.00,41.00,156.00,74,973
2019/10/24 16:47:22,17.00,41.00,156.00,73,972
2019/10/24 16:47:22,17.00,41.00,156.00,74,973
2019/10/24 16:47:23,17.00,41.00,156.00,73,973
2019/10/24 16:47:24,17.00,41.00,156.00,73,973
2019/10/24 16:47:24,17.00,41.00,156.00,74,973
2019/10/24 16:47:25,17.00,41.00,156.00,73,973
2019/10/24 16:47:26,17.00,41.00,156.00,74,973
2019/10/24 16:47:26,17.00,41.00,156.00,73,972
2019/10/24 16:47:27,17.00,41.00,156.00,73,973
2019/10/24 16:47:28,17.00,41.00,156.00,73,972
2019/10/24 16:47:28,17.00,41.00,156.00,73,972
2019/10/24 16:47:29,17.00,41.00,156.00,74,973
2019/10/24 16:47:30,17.00,41.00,156.00,73,973
2019/10/24 16:47:30,17.00,41.00,156.00,73,973
2019/10/24 16:47:31,17.00,41.00,156.00,74,973
2019/10/24 16:47:32,17.00,41.00,156.00,73,973
2019/10/24 16:47:32,17.00,41.00,156.00,74,973
2019/10/24 16:47:33,17.00,41.00,156.00,73,973
2019/10/24 16:47:33,17.00,41.00,156.00,73,973
2019/10/24 16:47:34,17.00,41.00,156.00,74,973
2019/10/24 16:47:35,17.00,41.00,156.00,73,973
2019/10/24 16:47:35,17.00,41.00,156.00,74,973
2019/10/24 16:47:36,17.00,41.00,156.00,74,973
2019/10/24 16:47:37,17.00,41.00,156.00,73,973
2019/10/24 16:47:37,17.00,41.00,156.00,74,973
2019/10/24 16:47:38,17.00,41.00,156.00,74,973
2019/10/24 16:47:39,17.00,41.00,156.00,74,973
2019/10/24 16:47:39,17.00,41.00,156.00,74,973
2019/10/24 16:47:40,17.00,41.00,156.00,74,973
2019/10/24 16:47:41,17.00,41.00,156.00,74,973
2019/10/24 16:47:41,17.00,41.00,156.00,73,972
2019/10/24 16:47:42,17.00,41.00,156.00,74,973
2019/10/24 16:47:43,17.00,41.00,156.00,74,973
2019/10/24 16:47:43,17.00,41.00,156.00,73,973
2019/10/24 16:47:44,17.00,41.00,156.00,74,973
2019/10/24 16:47:45,17.00,41.00,156.00,74,973
2019/10/24 16:47:45,17.00,41.00,156.00,73,973
2019/10/24 16:47:46,17.00,41.00,156.00,73,973
2019/10/24 16:47:46,17.00,41.00,156.00,73,973
2019/10/24 16:47:47,17.00,41.00,156.00,74,973
2019/10/24 16:47:48,17.00,41.00,156.00,73,973
2019/10/24 16:47:48,17.00,41.00,156.00,74,973
2019/10/24 16:47:49,17.00,41.00,156.00,74,974
2019/10/24 16:47:50,17.00,41.00,156.00,73,974
2019/10/24 16:47:50,17.00,41.00,156.00,74,974
2019/10/24 16:47:51,17.00,41.00,156.00,74,973
2019/10/24 16:47:52,17.00,41.00,156.00,74,974
2019/10/24 16:47:52,17.00,41.00,156.00,74,974
2019/10/24 16:47:53,17.00,41.00,156.00,74,974
2019/10/24 16:47:54,18.00,41.00,156.00,74,974
2019/10/24 16:47:54,18.00,41.00,156.00,74,974
2019/10/24 16:47:55,18.00,41.00,156.00,74,974
2019/10/24 16:47:56,18.00,41.00,156.00,74,974
2019/10/24 16:47:56,18.00,40.00,156.00,74,974
2019/10/24 16:47:57,18.00,40.00,156.00,74,974
2019/10/24 16:47:58,18.00,40.00,141.00,74,974
2019/10/24 16:47:58,18.00,40.00,141.00,74,973
2019/10/24 16:47:59,18.00,40.00,141.00,74,973
2019/10/24 16:48:0,18.00,40.00,141.00,74,974
2019/10/24 16:48:0,18.00,40.00,141.00,74,974
2019/10/24 16:48:1,18.00,40.00,141.00,74,973
2019/10/24 16:48:1,18.00,40.00,141.00,74,974
2019/10/24 16:48:2,18.00,40.00,141.00,74,973
2019/10/24 16:48:3,18.00,40.00,141.00,74,974
2019/10/24 16:48:3,18.00,40.00,141.00,74,974
2019/10/24 16:48:4,18.00,40.00,141.00,74,974
2019/10/24 16:48:5,18.00,40.00,141.00,74,973
2019/10/24 16:48:5,18.00,40.00,141.00,74,974
2019/10/24 16:48:6,18.00,40.00,156.00,74,973
2019/10/24 16:48:7,18.00,40.00,156.00,74,973
2019/10/24 16:48:7,18.00,40.00,156.00,74,973
2019/10/24 16:48:8,18.00,40.00,156.00,73,974
2019/10/24 16:48:9,18.00,40.00,156.00,74,974
2019/10/24 16:48:9,18.00,40.00,156.00,74,973
2019/10/24 16:48:10,18.00,40.00,141.00,74,973
2019/10/24 16:48:11,18.00,40.00,156.00,74,974
2019/10/24 16:48:11,18.00,40.00,156.00,74,973
2019/10/24 16:48:12,18.00,40.00,156.00,74,974
2019/10/24 16:48:13,18.00,40.00,141.00,74,973
2019/10/24 16:48:13,18.00,40.00,141.00,74,974
2019/10/24 16:48:14,18.00,40.00,111.00,74,974
2019/10/24 16:48:15,18.00,40.00,111.00,74,974
2019/10/24 16:48:15,18.00,40.00,141.00,74,973
2019/10/24 16:48:16,18.00,40.00,141.00,73,973
2019/10/24 16:48:16,18.00,40.00,126.00,74,974
2019/10/24 16:48:17,18.00,40.00,141.00,74,973
2019/10/24 16:48:18,18.00,40.00,141.00,74,973
2019/10/24 16:48:18,18.00,40.00,141.00,74,973
2019/10/24 16:48:19,18.00,40.00,141.00,74,973
2019/10/24 16:48:20,18.00,40.00,80.00,74,973
2019/10/24 16:48:20,18.00,40.00,86.00,74,973
2019/10/24 16:48:21,18.00,40.00,71.00,73,973
2019/10/24 16:48:22,18.00,40.00,111.00,74,974
2019/10/24 16:48:22,18.00,40.00,111.00,74,973
2019/10/24 16:48:23,18.00,40.00,111.00,74,974
2019/10/24 16:48:24,18.00,40.00,126.00,74,974
2019/10/24 16:48:24,18.00,40.00,141.00,74,973
2019/10/24 16:48:25,18.00,40.00,126.00,74,974
2019/10/24 16:48:26,18.00,40.00,126.00,74,973
2019/10/24 16:48:26,18.00,40.00,111.00,74,974
2019/10/24 16:48:27,18.00,40.00,126.00,74,974
2019/10/24 16:48:28,18.00,40.00,126.00,74,974
2019/10/24 16:48:28,18.00,40.00,126.00,74,974
2019/10/24 16:48:29,18.00,40.00,126.00,74,973
2019/10/24 16:48:29,18.00,40.00,126.00,74,974
2019/10/24 16:48:30,18.00,40.00,126.00,74,974
2019/10/24 16:48:31,18.00,40.00,111.00,73,973
2019/10/24 16:48:31,18.00,40.00,80.00,74,974
2019/10/24 16:48:32,18.00,40.00,96.00,74,974
2019/10/24 16:48:33,18.00,40.00,126.00,74,974
2019/10/24 16:48:33,18.00,40.00,126.00,74,974
2019/10/24 16:48:34,18.00,40.00,126.00,74,974
2019/10/24 16:48:35,18.00,40.00,126.00,74,973
2019/10/24 16:48:35,18.00,40.00,126.00,74,973
2019/10/24 16:48:36,18.00,40.00,126.00,74,974
2019/10/24 16:48:37,18.00,40.00,111.00,74,974
2019/10/24 16:48:37,18.00,40.00,126.00,74,974
2019/10/24 16:48:38,18.00,40.00,111.00,74,974
2019/10/24 16:48:39,18.00,40.00,126.00,74,974
2019/10/24 16:48:39,18.00,40.00,101.00,74,973
2019/10/24 16:48:40,18.00,40.00,86.00,74,974
2019/10/24 16:48:41,18.00,40.00,86.00,74,974
2019/10/24 16:48:41,18.00,40.00,96.00,74,974
2019/10/24 16:48:42,18.00,40.00,126.00,74,974
2019/10/24 16:48:42,18.00,40.00,141.00,74,974
2019/10/24 16:48:43,18.00,40.00,126.00,74,973
2019/10/24 16:48:44,18.00,40.00,126.00,74,974
2019/10/24 16:48:44,18.00,40.00,126.00,74,974
2019/10/24 16:48:45,18.00,40.00,126.00,73,974
2019/10/24 16:48:46,18.00,40.00,126.00,74,974
2019/10/24 16:48:46,18.00,40.00,126.00,74,973
2019/10/24 16:48:47,18.00,40.00,126.00,74,973
2019/10/24 16:48:48,18.00,40.00,96.00,74,974
2019/10/24 16:48:48,18.00,39.00,80.00,73,973
2019/10/24 16:48:49,18.00,39.00,111.00,74,973
2019/10/24 16:48:50,18.00,39.00,126.00,74,974
2019/10/24 16:48:50,18.00,39.00,126.00,74,973
2019/10/24 16:48:51,18.00,39.00,126.00,74,974
2019/10/24 16:48:52,18.00,39.00,126.00,74,974
2019/10/24 16:48:52,18.00,39.00,126.00,74,974
2019/10/24 16:48:53,18.00,39.00,126.00,74,973
2019/10/24 16:48:54,18.00,39.00,126.00,74,974
2019/10/24 16:48:54,18.00,39.00,126.00,74,974
2019/10/24 16:48:55,18.00,39.00,126.00,74,974
2019/10/24 16:48:56,18.00,39.00,126.00,74,974
2019/10/24 16:48:56,18.00,39.00,126.00,74,974
2019/10/24 16:48:57,18.00,39.00,126.00,74,974
2019/10/24 16:48:57,18.00,39.00,126.00,74,974
2019/10/24 16:48:58,18.00,39.00,126.00,74,974
2019/10/24 16:48:59,18.00,39.00,126.00,74,974
2019/10/24 16:48:59,18.00,39.00,141.00,74,974
2019/10/24 16:49:0,18.00,39.00,141.00,74,974
2019/10/24 16:49:1,18.00,39.00,141.00,74,974
2019/10/24 16:49:1,18.00,39.00,126.00,74,974
2019/10/24 16:49:2,18.00,39.00,126.00,74,974
2019/10/24 16:49:3,18.00,39.00,141.00,74,974
2019/10/24 16:49:3,18.00,39.00,141.00,74,975
2019/10/24 16:49:4,18.00,39.00,141.00,74,974
2019/10/24 16:49:5,18.00,39.00,141.00,74,974
2019/10/24 16:49:5,18.00,39.00,141.00,74,974
2019/10/24 16:49:6,18.00,39.00,141.00,74,974
2019/10/24 16:49:7,18.00,39.00,141.00,74,975
2019/10/24 16:49:7,18.00,39.00,141.00,74,974
2019/10/24 16:49:8,18.00,39.00,141.00,74,974
2019/10/24 16:49:9,18.00,39.00,141.00,74,974
2019/10/24 16:49:9,18.00,39.00,141.00,74,974
2019/10/24 16:49:10,18.00,39.00,141.00,74,974
2019/10/24 16:49:11,18.00,39.00,141.00,74,975
2019/10/24 16:49:11,18.00,39.00,141.00,74,974
2019/10/24 16:49:12,18.00,39.00,141.00,74,974
2019/10/24 16:49:12,18.00,39.00,141.00,74,974
2019/10/24 16:49:13,18.00,39.00,141.00,74,975
2019/10/24 16:49:14,18.00,39.00,141.00,74,974
2019/10/24 16:49:14,18.00,39.00,96.00,74,974
2019/10/24 16:49:15,18.00,39.00,101.00,74,974
2019/10/24 16:49:16,18.00,39.00,96.00,74,974
2019/10/24 16:49:16,18.00,39.00,126.00,74,974
2019/10/24 16:49:17,18.00,39.00,141.00,74,974
2019/10/24 16:49:18,18.00,39.00,141.00,74,974
2019/10/24 16:49:18,18.00,39.00,141.00,74,974
2019/10/24 16:49:19,18.00,39.00,141.00,74,974
2019/10/24 16:49:20,18.00,39.00,141.00,74,974
2019/10/24 16:49:20,18.00,39.00,141.00,74,974
2019/10/24 16:49:21,18.00,39.00,141.00,74,974
2019/10/24 16:49:22,18.00,39.00,141.00,74,974
2019/10/24 16:49:22,18.00,39.00,141.00,74,974
2019/10/24 16:49:23,18.00,39.00,141.00,74,974
2019/10/24 16:49:24,18.00,39.00,141.00,74,974
2019/10/24 16:49:24,18.00,39.00,141.00,74,974
2019/10/24 16:49:25,18.00,39.00,141.00,74,974
2019/10/24 16:49:26,18.00,39.00,141.00,74,974
2019/10/24 16:49:26,18.00,39.00,141.00,74,974
2019/10/24 16:49:27,18.00,39.00,141.00,74,974
2019/10/24 16:49:27,18.00,39.00,141.00,74,975
2019/10/24 16:49:28,18.00,39.00,126.00,74,974
2019/10/24 16:49:29,18.00,39.00,126.00,74,974
2019/10/24 16:49:29,18.00,39.00,141.00,74,974
2019/10/24 16:49:30,18.00,39.00,141.00,74,974
2019/10/24 16:49:31,18.00,39.00,141.00,74,974
2019/10/24 16:49:31,18.00,39.00,141.00,74,974
2019/10/24 16:49:32,18.00,39.00,141.00,74,974
2019/10/24 16:49:33,18.00,39.00,141.00,74,975
2019/10/24 16:49:33,18.00,39.00,141.00,74,974
2019/10/24 16:49:34,18.00,39.00,126.00,74,974
2019/10/24 16:49:35,18.00,39.00,126.00,74,975
2019/10/24 16:49:35,18.00,39.00,156.00,74,974
2019/10/24 16:49:36,18.00,39.00,71.00,74,975
2019/10/24 16:49:37,18.00,39.00,101.00,74,975
2019/10/24 16:49:37,18.00,39.00,111.00,75,975
2019/10/24 16:49:38,18.00,39.00,96.00,74,974
2019/10/24 16:49:39,18.00,39.00,111.00,74,967
2019/10/24 16:49:39,18.00,39.00,86.00,74,974
2019/10/24 16:49:40,18.00,39.00,55.00,74,977
2019/10/24 16:49:40,18.00,39.00,126.00,75,977
2019/10/24 16:49:41,18.00,39.00,126.00,75,976
2019/10/24 16:49:42,18.00,39.00,258.00,74,972
2019/10/24 16:49:42,18.00,39.00,187.00,75,975
2019/10/24 16:49:43,18.00,39.00,187.00,74,976
2019/10/24 16:49:44,18.00,39.00,202.00,74,976
2019/10/24 16:49:44,18.00,39.00,172.00,74,976
2019/10/24 16:49:45,18.00,39.00,141.00,74,976
2019/10/24 16:49:46,18.00,38.00,126.00,74,976
2019/10/24 16:49:46,18.00,38.00,111.00,75,977
2019/10/24 16:49:47,18.00,38.00,126.00,74,976
2019/10/24 16:49:48,18.00,38.00,126.00,74,976
2019/10/24 16:49:48,18.00,38.00,86.00,75,977
2019/10/24 16:49:49,18.00,38.00,86.00,74,977
2019/10/24 16:49:50,18.00,38.00,273.00,75,978
2019/10/24 16:49:50,18.00,38.00,96.00,75,977
2019/10/24 16:49:51,18.00,38.00,96.00,74,979
2019/10/24 16:49:52,18.00,38.00,80.00,74,973
2019/10/24 16:49:52,18.00,38.00,86.00,74,971
2019/10/24 16:49:53,18.00,38.00,111.00,74,971
2019/10/24 16:49:53,18.00,38.00,111.00,74,972
2019/10/24 16:49:54,18.00,38.00,111.00,74,975
2019/10/24 16:49:55,18.00,38.00,126.00,74,975
2019/10/24 16:49:55,18.00,38.00,111.00,74,974
2019/10/24 16:49:56,18.00,38.00,111.00,75,976
2019/10/24 16:49:57,18.00,38.00,80.00,74,976
2019/10/24 16:49:57,18.00,38.00,80.00,74,976
2019/10/24 16:49:58,18.00,38.00,96.00,74,975
2019/10/24 16:49:59,18.00,38.00,111.00,74,976
2019/10/24 16:49:59,18.00,38.00,111.00,75,976
2019/10/24 16:50:0,18.00,38.00,111.00,74,976
2019/10/24 16:50:1,18.00,38.00,111.00,74,976
2019/10/24 16:50:1,18.00,38.00,126.00,74,976
2019/10/24 16:50:2,18.00,38.00,126.00,74,976
2019/10/24 16:50:3,18.00,38.00,111.00,74,977
2019/10/24 16:50:3,18.00,38.00,111.00,74,976
2019/10/24 16:50:4,18.00,38.00,111.00,74,976
2019/10/24 16:50:5,18.00,38.00,111.00,75,976
2019/10/24 16:50:5,18.00,38.00,111.00,74,976
2019/10/24 16:50:6,18.00,38.00,96.00,74,976
2019/10/24 16:50:7,18.00,38.00,96.00,75,976
2019/10/24 16:50:7,18.00,38.00,96.00,74,976
2019/10/24 16:50:8,18.00,38.00,96.00,74,976
2019/10/24 16:50:8,18.00,38.00,111.00,74,976
2019/10/24 16:50:9,18.00,38.00,96.00,74,976
2019/10/24 16:50:10,18.00,38.00,96.00,74,976
2019/10/24 16:50:10,18.00,38.00,96.00,74,977
2019/10/24 16:50:11,18.00,38.00,96.00,74,977
2019/10/24 16:50:12,18.00,38.00,80.00,74,977
2019/10/24 16:50:12,18.00,38.00,80.00,74,976
2019/10/24 16:50:13,18.00,38.00,96.00,75,977
2019/10/24 16:50:14,18.00,38.00,96.00,74,976
2019/10/24 16:50:14,18.00,38.00,96.00,74,977
2019/10/24 16:50:15,18.00,38.00,96.00,74,977
2019/10/24 16:50:16,18.00,38.00,96.00,74,977
2019/10/24 16:50:16,18.00,38.00,111.00,74,977
2019/10/24 16:50:17,18.00,38.00,111.00,74,977
2019/10/24 16:50:18,18.00,38.00,111.00,74,977
2019/10/24 16:50:18,18.00,38.00,111.00,74,976
2019/10/24 16:50:19,18.00,38.00,111.00,74,977
2019/10/24 16:50:20,18.00,38.00,111.00,75,977
2019/10/24 16:50:20,18.00,38.00,111.00,74,977
2019/10/24 16:50:21,18.00,38.00,111.00,74,977
2019/10/24 16:50:21,18.00,38.00,111.00,75,977
2019/10/24 16:50:22,18.00,38.00,111.00,74,977
2019/10/24 16:50:23,18.00,38.00,111.00,74,977
2019/10/24 16:50:23,18.00,38.00,111.00,74,977
2019/10/24 16:50:24,18.00,38.00,111.00,74,977
2019/10/24 16:50:25,18.00,38.00,111.00,74,976
2019/10/24 16:50:25,18.00,38.00,111.00,74,977
2019/10/24 16:50:26,18.00,38.00,96.00,74,977
2019/10/24 16:50:27,18.00,38.00,96.00,74,977
2019/10/24 16:50:27,18.00,38.00,96.00,74,977
2019/10/24 16:50:28,18.00,38.00,96.00,74,977
2019/10/24 16:50:29,18.00,38.00,111.00,74,977
2019/10/24 16:50:29,18.00,38.00,111.00,74,977
2019/10/24 16:50:30,18.00,38.00,111.00,74,977
2019/10/24 16:50:31,18.00,38.00,111.00,74,977
2019/10/24 16:50:31,18.00,38.00,111.00,74,977
2019/10/24 16:50:32,18.00,38.00,111.00,74,977
2019/10/24 16:50:33,18.00,37.00,111.00,74,977
2019/10/24 16:50:33,18.00,37.00,166.00,74,977
2019/10/24 16:50:34,18.00,37.00,172.00,74,977
2019/10/24 16:50:35,18.00,37.00,172.00,74,977
2019/10/24 16:50:35,18.00,37.00,156.00,74,977
2019/10/24 16:50:36,18.00,37.00,172.00,74,977
2019/10/24 16:50:36,18.00,37.00,156.00,74,977
2019/10/24 16:50:37,18.00,37.00,156.00,74,977
2019/10/24 16:50:38,18.00,37.00,172.00,74,977
2019/10/24 16:50:38,18.00,37.00,172.00,74,977
2019/10/24 16:50:39,18.00,37.00,172.00,74,977
2019/10/24 16:50:40,18.00,37.00,172.00,74,977
2019/10/24 16:50:40,18.00,37.00,172.00,74,977
2019/10/24 16:50:41,18.00,37.00,172.00,74,977
2019/10/24 16:50:42,18.00,37.00,172.00,74,977
2019/10/24 16:50:42,18.00,37.00,172.00,74,977
2019/10/24 16:50:43,18.00,37.00,172.00,74,977
2019/10/24 16:50:44,18.00,37.00,172.00,74,977
2019/10/24 16:50:44,18.00,37.00,172.00,74,977
2019/10/24 16:50:45,18.00,37.00,172.00,74,977
2019/10/24 16:50:46,18.00,37.00,172.00,74,977
2019/10/24 16:50:46,18.00,37.00,172.00,74,976
2019/10/24 16:50:47,18.00,37.00,172.00,74,977
2019/10/24 16:50:48,18.00,37.00,172.00,74,976
2019/10/24 16:50:48,18.00,37.00,172.00,74,977
2019/10/24 16:50:49,18.00,37.00,172.00,74,977
2019/10/24 16:50:49,18.00,37.00,126.00,74,976
2019/10/24 16:50:50,18.00,37.00,126.00,74,976
2019/10/24 16:50:51,18.00,37.00,126.00,74,977
2019/10/24 16:50:51,18.00,37.00,126.00,74,976
2019/10/24 16:50:52,18.00,37.00,126.00,74,977
2019/10/24 16:50:53,18.00,37.00,126.00,74,976
2019/10/24 16:50:53,18.00,37.00,126.00,74,977
2019/10/24 16:50:54,18.00,37.00,126.00,74,977
2019/10/24 16:50:55,18.00,37.00,126.00,74,976
2019/10/24 16:50:55,18.00,37.00,126.00,74,977
2019/10/24 16:50:56,18.00,37.00,126.00,74,977
2019/10/24 16:50:57,18.00,37.00,126.00,74,977
2019/10/24 16:50:57,18.00,37.00,126.00,74,977
2019/10/24 16:50:58,18.00,37.00,126.00,74,977
2019/10/24 16:50:59,18.00,37.00,126.00,74,977
2019/10/24 16:50:59,18.00,37.00,126.00,74,977
2019/10/24 16:51:0,18.00,37.00,126.00,74,976
2019/10/24 16:51:1,18.00,37.00,111.00,74,977
2019/10/24 16:51:1,18.00,37.00,111.00,74,977
2019/10/24 16:51:2,18.00,37.00,111.00,74,977
2019/10/24 16:51:3,18.00,37.00,111.00,74,977
2019/10/24 16:51:3,18.00,37.00,111.00,74,977
2019/10/24 16:51:4,18.00,37.00,111.00,74,977
2019/10/24 16:51:4,18.00,37.00,111.00,74,977
2019/10/24 16:51:5,18.00,37.00,111.00,74,977
2019/10/24 16:51:6,18.00,37.00,111.00,74,977
2019/10/24 16:51:6,18.00,37.00,111.00,74,977
2019/10/24 16:51:7,18.00,37.00,111.00,74,977
2019/10/24 16:51:8,18.00,37.00,111.00,74,977
2019/10/24 16:51:8,18.00,37.00,111.00,74,977
2019/10/24 16:51:9,18.00,37.00,111.00,74,977
2019/10/24 16:51:10,18.00,37.00,96.00,74,977
2019/10/24 16:51:10,18.00,37.00,96.00,74,977
2019/10/24 16:51:11,18.00,37.00,71.00,74,977
2019/10/24 16:51:12,18.00,37.00,6.00,74,977
2019/10/24 16:51:12,18.00,37.00,40.00,74,970
2019/10/24 16:51:13,18.00,37.00,156.00,74,961
2019/10/24 16:51:14,18.00,37.00,86.00,74,971
2019/10/24 16:51:14,18.00,37.00,258.00,73,968
2019/10/24 16:51:15,18.00,37.00,227.00,74,972
2019/10/24 16:51:16,18.00,37.00,273.00,74,976
2019/10/24 16:51:16,18.00,37.00,303.00,74,975
2019/10/24 16:51:17,18.00,37.00,429.00,74,975
2019/10/24 16:51:17,18.00,37.00,359.00,74,978
2019/10/24 16:51:18,18.00,37.00,328.00,74,978
2019/10/24 16:51:19,18.00,37.00,374.00,74,976
2019/10/24 16:51:19,18.00,37.00,343.00,74,974
2019/10/24 16:51:20,18.00,37.00,242.00,73,973
2019/10/24 16:51:21,18.00,37.00,242.00,73,967
2019/10/24 16:51:21,18.00,37.00,460.00,74,969
2019/10/24 16:51:22,18.00,37.00,429.00,73,956
2019/10/24 16:51:23,18.00,37.00,444.00,73,970
2019/10/24 16:51:23,18.00,37.00,429.00,74,972
2019/10/24 16:51:24,18.00,37.00,414.00,73,971
2019/10/24 16:51:25,18.00,37.00,429.00,74,972
2019/10/24 16:51:25,18.00,37.00,399.00,74,972
2019/10/24 16:51:26,18.00,37.00,384.00,74,974
2019/10/24 16:51:27,18.00,37.00,384.00,74,974
2019/10/24 16:51:27,19.00,36.00,384.00,74,973
2019/10/24 16:51:28,19.00,36.00,414.00,74,974
2019/10/24 16:51:29,19.00,36.00,399.00,74,974
2019/10/24 16:51:29,19.00,36.00,399.00,74,974
2019/10/24 16:51:30,19.00,36.00,399.00,74,974
2019/10/24 16:51:31,19.00,36.00,399.00,74,974
2019/10/24 16:51:31,19.00,36.00,399.00,74,974
2019/10/24 16:51:32,19.00,36.00,399.00,74,974
2019/10/24 16:51:32,19.00,36.00,399.00,74,974
2019/10/24 16:51:33,19.00,36.00,399.00,74,974
2019/10/24 16:51:34,19.00,36.00,399.00,74,974
2019/10/24 16:51:34,19.00,36.00,399.00,74,974
2019/10/24 16:51:35,19.00,36.00,414.00,74,974
2019/10/24 16:51:36,19.00,36.00,399.00,74,974
2019/10/24 16:51:36,19.00,36.00,399.00,74,974
2019/10/24 16:51:37,19.00,36.00,399.00,74,974
2019/10/24 16:51:38,19.00,36.00,414.00,74,974
2019/10/24 16:51:38,19.00,36.00,414.00,74,974
2019/10/24 16:51:39,19.00,36.00,414.00,74,974
2019/10/24 16:51:40,19.00,36.00,414.00,74,974
2019/10/24 16:51:40,19.00,36.00,414.00,74,974
2019/10/24 16:51:41,19.00,36.00,429.00,74,974
2019/10/24 16:51:42,19.00,36.00,414.00,74,974
2019/10/24 16:51:42,19.00,36.00,429.00,74,974
2019/10/24 16:51:43,19.00,36.00,444.00,74,974
2019/10/24 16:51:44,19.00,36.00,444.00,74,974
2019/10/24 16:51:44,19.00,36.00,444.00,74,974
2019/10/24 16:51:45,19.00,36.00,460.00,74,974
2019/10/24 16:51:46,19.00,36.00,460.00,74,974
2019/10/24 16:51:46,19.00,36.00,444.00,74,974
2019/10/24 16:51:47,19.00,36.00,444.00,74,974
2019/10/24 16:51:47,19.00,36.00,444.00,74,974
2019/10/24 16:51:48,19.00,36.00,444.00,74,974
2019/10/24 16:51:49,19.00,36.00,444.00,74,974
2019/10/24 16:51:49,19.00,36.00,444.00,74,974
2019/10/24 16:51:50,19.00,36.00,444.00,74,974
2019/10/24 16:51:51,19.00,36.00,429.00,74,974
2019/10/24 16:51:51,19.00,36.00,444.00,74,974
2019/10/24 16:51:52,19.00,36.00,444.00,74,974
2019/10/24 16:51:53,19.00,36.00,444.00,74,974
2019/10/24 16:51:53,19.00,36.00,444.00,74,974
2019/10/24 16:51:54,19.00,36.00,475.00,74,974
2019/10/24 16:51:55,19.00,36.00,384.00,74,974
2019/10/24 16:51:55,19.00,36.00,368.00,74,974
2019/10/24 16:51:56,19.00,36.00,384.00,74,974
2019/10/24 16:51:57,19.00,36.00,399.00,74,974
2019/10/24 16:51:57,19.00,36.00,399.00,74,974
2019/10/24 16:51:58,19.00,36.00,399.00,74,974
2019/10/24 16:51:59,19.00,35.00,399.00,74,974
2019/10/24 16:51:59,19.00,35.00,399.00,74,975
2019/10/24 16:52:0,19.00,35.00,384.00,74,974
2019/10/24 16:52:0,19.00,35.00,384.00,74,974
2019/10/24 16:52:1,19.00,36.00,384.00,74,974
2019/10/24 16:52:2,19.00,36.00,368.00,74,974
2019/10/24 16:52:2,19.00,36.00,389.00,74,974
2019/10/24 16:52:3,19.00,36.00,389.00,73,974
2019/10/24 16:52:4,19.00,36.00,389.00,73,974
2019/10/24 16:52:4,19.00,36.00,389.00,72,975
2019/10/24 16:52:5,19.00,36.00,368.00,73,974
2019/10/24 16:52:6,19.00,36.00,389.00,71,974
2019/10/24 16:52:6,19.00,35.00,389.00,71,975
2019/10/24 16:52:7,19.00,35.00,389.00,71,974
2019/10/24 16:52:8,19.00,35.00,389.00,71,975
2019/10/24 16:52:8,19.00,35.00,389.00,71,974
2019/10/24 16:52:9,19.00,35.00,389.00,71,974
2019/10/24 16:52:10,19.00,35.00,389.00,71,975
2019/10/24 16:52:10,19.00,35.00,389.00,71,974
2019/10/24 16:52:11,19.00,35.00,389.00,71,974
2019/10/24 16:52:12,19.00,35.00,384.00,74,975
2019/10/24 16:52:12,19.00,35.00,368.00,74,974
2019/10/24 16:52:13,19.00,35.00,414.00,74,975
2019/10/24 16:52:14,19.00,35.00,414.00,74,975
2019/10/24 16:52:14,19.00,35.00,414.00,74,974
2019/10/24 16:52:15,19.00,35.00,353.00,74,974
2019/10/24 16:52:15,19.00,35.00,328.00,74,975
2019/10/24 16:52:16,19.00,35.00,328.00,74,974
2019/10/24 16:52:17,19.00,35.00,359.00,74,974
2019/10/24 16:52:17,19.00,35.00,359.00,74,974
2019/10/24 16:52:18,19.00,35.00,359.00,73,974
2019/10/24 16:52:19,19.00,35.00,389.00,74,974
2019/10/24 16:52:19,19.00,35.00,374.00,74,974
2019/10/24 16:52:20,19.00,35.00,227.00,74,975
2019/10/24 16:52:21,19.00,35.00,207.00,75,974
2019/10/24 16:52:21,19.00,35.00,323.00,75,975
2019/10/24 16:52:22,19.00,35.00,308.00,74,977
2019/10/24 16:52:23,19.00,35.00,267.00,75,978
2019/10/24 16:52:23,19.00,35.00,267.00,75,976
2019/10/24 16:52:24,19.00,35.00,237.00,75,977
2019/10/24 16:52:25,19.00,35.00,222.00,75,975
2019/10/24 16:52:25,19.00,35.00,212.00,74,962
2019/10/24 16:52:26,19.00,35.00,222.00,74,976
2019/10/24 16:52:27,19.00,35.00,222.00,75,977
2019/10/24 16:52:27,19.00,35.00,207.00,74,978
2019/10/24 16:52:28,19.00,35.00,207.00,74,975
2019/10/24 16:52:28,19.00,35.00,207.00,74,973
2019/10/24 16:52:29,19.00,35.00,207.00,74,973
2019/10/24 16:52:30,19.00,35.00,207.00,74,973
2019/10/24 16:52:30,19.00,35.00,222.00,74,973
2019/10/24 16:52:31,19.00,35.00,237.00,74,973
2019/10/24 16:52:32,19.00,35.00,353.00,74,975
2019/10/24 16:52:32,19.00,35.00,384.00,74,976
2019/10/24 16:52:33,19.00,35.00,399.00,74,976
2019/10/24 16:52:34,19.00,35.00,343.00,74,977
2019/10/24 16:52:34,19.00,35.00,359.00,74,977
2019/10/24 16:52:35,19.00,35.00,359.00,74,977
2019/10/24 16:52:36,19.00,35.00,359.00,70,972
2019/10/24 16:52:36,19.00,35.00,384.00,75,974
2019/10/24 16:52:37,19.00,35.00,384.00,74,975
2019/10/24 16:52:38,19.00,35.00,399.00,74,975
2019/10/24 16:52:38,19.00,35.00,399.00,74,975
2019/10/24 16:52:39,19.00,35.00,399.00,74,975
2019/10/24 16:52:40,19.00,35.00,384.00,74,975
2019/10/24 16:52:40,19.00,35.00,384.00,74,975
2019/10/24 16:52:41,19.00,35.00,384.00,74,976
2019/10/24 16:52:42,19.00,35.00,399.00,75,975
2019/10/24 16:52:42,19.00,35.00,399.00,74,975
2019/10/24 16:52:43,19.00,35.00,384.00,74,975
2019/10/24 16:52:44,19.00,35.00,389.00,74,974
2019/10/24 16:52:44,19.00,35.00,389.00,74,974
2019/10/24 16:52:45,19.00,35.00,389.00,74,975
2019/10/24 16:52:45,19.00,35.00,389.00,73,974
2019/10/24 16:52:46,19.00,35.00,368.00,73,975
2019/10/24 16:52:47,19.00,35.00,389.00,71,975
2019/10/24 16:52:47,19.00,35.00,374.00,70,975
2019/10/24 16:52:48,19.00,35.00,374.00,70,975
2019/10/24 16:52:49,19.00,35.00,374.00,69,975
2019/10/24 16:52:49,19.00,35.00,374.00,68,975
2019/10/24 16:52:50,19.00,35.00,374.00,67,975
2019/10/24 16:52:51,19.00,35.00,359.00,67,976
2019/10/24 16:52:51,19.00,35.00,359.00,66,975
2019/10/24 16:52:52,19.00,35.00,359.00,66,975
2019/10/24 16:52:53,19.00,35.00,359.00,66,975
2019/10/24 16:52:53,19.00,35.00,374.00,65,975
2019/10/24 16:52:54,19.00,35.00,374.00,65,976
2019/10/24 16:52:55,19.00,35.00,374.00,65,976
2019/10/24 16:52:55,19.00,35.00,374.00,65,975
2019/10/24 16:52:56,19.00,35.00,374.00,65,976
2019/10/24 16:52:57,19.00,35.00,384.00,75,975
2019/10/24 16:52:57,19.00,35.00,343.00,74,976
2019/10/24 16:52:58,19.00,35.00,151.00,74,975
2019/10/24 16:52:58,19.00,35.00,313.00,74,974
2019/10/24 16:52:59,19.00,35.00,353.00,74,972
2019/10/24 16:53:0,19.00,35.00,429.00,74,972
2019/10/24 16:53:0,19.00,35.00,368.00,74,972
2019/10/24 16:53:1,19.00,35.00,374.00,74,972
2019/10/24 16:53:2,19.00,35.00,374.00,74,972
2019/10/24 16:53:2,19.00,35.00,389.00,74,971
2019/10/24 16:53:3,19.00,35.00,368.00,74,971
2019/10/24 16:53:4,19.00,35.00,389.00,74,969
2019/10/24 16:53:4,19.00,35.00,399.00,74,973
2019/10/24 16:53:5,19.00,35.00,384.00,74,973
2019/10/24 16:53:6,19.00,35.00,384.00,74,974
2019/10/24 16:53:6,19.00,35.00,399.00,74,974
2019/10/24 16:53:7,19.00,35.00,399.00,74,974
2019/10/24 16:53:8,19.00,35.00,384.00,74,975
2019/10/24 16:53:8,19.00,35.00,384.00,74,975
2019/10/24 16:53:9,19.00,35.00,384.00,74,974
2019/10/24 16:53:10,19.00,35.00,368.00,74,975
2019/10/24 16:53:10,19.00,35.00,368.00,73,974
2019/10/24 16:53:11,19.00,35.00,368.00,71,975
2019/10/24 16:53:11,19.00,35.00,368.00,71,974
2019/10/24 16:53:12,19.00,35.00,368.00,70,974
2019/10/24 16:53:13,19.00,35.00,368.00,69,975
2019/10/24 16:53:13,19.00,35.00,353.00,69,974
2019/10/24 16:53:14,19.00,35.00,353.00,67,975
2019/10/24 16:53:15,19.00,35.00,374.00,66,975
2019/10/24 16:53:15,19.00,35.00,374.00,66,975
2019/10/24 16:53:16,19.00,35.00,374.00,66,975
2019/10/24 16:53:17,19.00,35.00,389.00,66,975
2019/10/24 16:53:17,19.00,35.00,374.00,66,975
2019/10/24 16:53:18,19.00,35.00,389.00,66,975
2019/10/24 16:53:19,19.00,35.00,399.00,75,975
2019/10/24 16:53:19,19.00,35.00,368.00,74,975
2019/10/24 16:53:20,19.00,35.00,368.00,74,975
2019/10/24 16:53:21,19.00,35.00,384.00,74,975
2019/10/24 16:53:21,19.00,35.00,475.00,74,974
2019/10/24 16:53:22,19.00,35.00,414.00,74,974
2019/10/24 16:53:23,19.00,35.00,156.00,74,974
2019/10/24 16:53:23,19.00,35.00,71.00,74,974
2019/10/24 16:53:24,19.00,35.00,24.00,74,975
2019/10/24 16:53:25,19.00,35.00,24.00,75,977
2019/10/24 16:53:25,19.00,35.00,136.00,75,977
